id_cargo,liquidacion,transportista,acuerdo,referencia,concepto,monto,moneda
CH-P1-000000-0,LIQ-ARS-000000,EXPRESO-SUR,AGR-SCALE-ARS,REM-P1-000000-0,FLETE_BASE,1000.00,ARS
CH-P1-000000-1,LIQ-ARS-000000,EXPRESO-SUR,AGR-SCALE-ARS,REM-P1-000000-1,FLETE_BASE,1000.00,ARS
CH-P1-000000-2,LIQ-ARS-000000,EXPRESO-SUR,AGR-SCALE-ARS,REM-P1-000000-2,FLETE_BASE,1000.00,ARS
CH-P1-000000-3,LIQ-ARS-000000,EXPRESO-SUR,AGR-SCALE-ARS,REM-P1-000000-3,FLETE_BASE,1000.00,ARS
CH-P1-000000-4,LIQ-ARS-000000,EXPRESO-SUR,AGR-SCALE-ARS,REM-P1-000000-4,FLETE_BASE,1000.00,ARS
CH-P2-000000-0,LIQ-ARS-000000,EXPRESO-SUR,AGR-SCALE-ARS,REM-P2-000000-0,FLETE_BASE,1200.00,ARS
CH-P2-000000-1,LIQ-ARS-000000,EXPRESO-SUR,AGR-SCALE-ARS,REM-P2-000000-1,FLETE_BASE,1200.00,ARS
CH-P2-000000-2,LIQ-ARS-000000,EXPRESO-SUR,AGR-SCALE-ARS,REM-P2-000000-2,FLETE_BASE,1200.00,ARS
CH-FE1-000000,LIQ-ARS-000000,EXPRESO-SUR,AGR-SCALE-ARS,REM-FE1-000000,FLETE_BASE,1350.00,ARS
CH-FE2-000000,LIQ-ARS-000000,EXPRESO-SUR,AGR-SCALE-ARS,REM-FE2-000000,FLETE_BASE,1150.00,ARS
CH-FD-000000,LIQ-ARS-000000,EXPRESO-SUR,AGR-SCALE-ARS,REM-FD-000000,FLETE_BASE,750.00,ARS
CH-REV-000000,LIQ-ARS-000000,EXPRESO-SUR,AGR-SCALE-ARS,REM-REV-000000,SEGURO,200.00,ARS
CH-UND-000000,LIQ-ARS-000000,TRANSPORTISTA-DESCONOCIDO,AGR-SCALE-ARS,REM-NOEXIST-000000,FLETE_BASE,1000.00,ARS
CH-USD-OC1-000000,LIQ-USD-000000,GLOBAL-CARGO,AGR-SCALE-USD,REM-USD-OC1-000000,FLETE_MARITIMO,500.00,USD
CH-USD-OC2-000000,LIQ-USD-000000,GLOBAL-CARGO,AGR-SCALE-USD,REM-USD-OC2-000000,FLETE_MARITIMO,500.00,USD
CH-USD-PT-000000,LIQ-USD-000000,GLOBAL-CARGO,AGR-SCALE-USD,REM-USD-PT-000000,GASTOS_PUERTO,150.00,USD
CH-USD-FAIL-000000,LIQ-USD-000000,GLOBAL-CARGO,AGR-SCALE-USD,REM-USD-FAIL-000000,FLETE_MARITIMO,620.00,USD
CH-N1-000000,LIQ-ARS-000000,EXPRESO-SUR,AGR-SCALE-ARS,REM-N1-000000,FLETE_BASE,1000.00,ARS
CH-1N-BASE-000000,LIQ-ARS-000000,EXPRESO-SUR,AGR-SCALE-ARS,REM-1N-000000,FLETE_BASE,1000.00,ARS
CH-1N-SEG-000000,LIQ-ARS-000000,EXPRESO-SUR,AGR-SCALE-ARS,REM-1N-000000,SEGURO,200.00,ARS
CH-P1-000001-0,LIQ-ARS-000001,EXPRESO-SUR,AGR-SCALE-ARS,REM-P1-000001-0,FLETE_BASE,1000.00,ARS
CH-P1-000001-1,LIQ-ARS-000001,EXPRESO-SUR,AGR-SCALE-ARS,REM-P1-000001-1,FLETE_BASE,1000.00,ARS
CH-P1-000001-2,LIQ-ARS-000001,EXPRESO-SUR,AGR-SCALE-ARS,REM-P1-000001-2,FLETE_BASE,1000.00,ARS
CH-P1-000001-3,LIQ-ARS-000001,EXPRESO-SUR,AGR-SCALE-ARS,REM-P1-000001-3,FLETE_BASE,1000.00,ARS
CH-P1-000001-4,LIQ-ARS-000001,EXPRESO-SUR,AGR-SCALE-ARS,REM-P1-000001-4,FLETE_BASE,1000.00,ARS
CH-P2-000001-0,LIQ-ARS-000001,EXPRESO-SUR,AGR-SCALE-ARS,REM-P2-000001-0,FLETE_BASE,1200.00,ARS
CH-P2-000001-1,LIQ-ARS-000001,EXPRESO-SUR,AGR-SCALE-ARS,REM-P2-000001-1,FLETE_BASE,1200.00,ARS
CH-P2-000001-2,LIQ-ARS-000001,EXPRESO-SUR,AGR-SCALE-ARS,REM-P2-000001-2,FLETE_BASE,1200.00,ARS
CH-FE1-000001,LIQ-ARS-000001,EXPRESO-SUR,AGR-SCALE-ARS,REM-FE1-000001,FLETE_BASE,1350.00,ARS
CH-FE2-000001,LIQ-ARS-000001,EXPRESO-SUR,AGR-SCALE-ARS,REM-FE2-000001,FLETE_BASE,1150.00,ARS
CH-FD-000001,LIQ-ARS-000001,EXPRESO-SUR,AGR-SCALE-ARS,REM-FD-000001,FLETE_BASE,750.00,ARS
CH-REV-000001,LIQ-ARS-000001,EXPRESO-SUR,AGR-SCALE-ARS,REM-REV-000001,SEGURO,200.00,ARS
CH-UND-000001,LIQ-ARS-000001,TRANSPORTISTA-DESCONOCIDO,AGR-SCALE-ARS,REM-NOEXIST-000001,FLETE_BASE,1000.00,ARS
CH-USD-OC1-000001,LIQ-USD-000001,GLOBAL-CARGO,AGR-SCALE-USD,REM-USD-OC1-000001,FLETE_MARITIMO,500.00,USD
CH-USD-OC2-000001,LIQ-USD-000001,GLOBAL-CARGO,AGR-SCALE-USD,REM-USD-OC2-000001,FLETE_MARITIMO,500.00,USD
CH-USD-PT-000001,LIQ-USD-000001,GLOBAL-CARGO,AGR-SCALE-USD,REM-USD-PT-000001,GASTOS_PUERTO,150.00,USD
CH-USD-FAIL-000001,LIQ-USD-000001,GLOBAL-CARGO,AGR-SCALE-USD,REM-USD-FAIL-000001,FLETE_MARITIMO,620.00,USD
CH-N1-000001,LIQ-ARS-000001,EXPRESO-SUR,AGR-SCALE-ARS,REM-N1-000001,FLETE_BASE,1000.00,ARS
CH-1N-BASE-000001,LIQ-ARS-000001,EXPRESO-SUR,AGR-SCALE-ARS,REM-1N-000001,FLETE_BASE,1000.00,ARS
CH-1N-SEG-000001,LIQ-ARS-000001,EXPRESO-SUR,AGR-SCALE-ARS,REM-1N-000001,SEGURO,200.00,ARS
CH-P1-000002-0,LIQ-ARS-000002,EXPRESO-SUR,AGR-SCALE-ARS,REM-P1-000002-0,FLETE_BASE,1000.00,ARS
CH-P1-000002-1,LIQ-ARS-000002,EXPRESO-SUR,AGR-SCALE-ARS,REM-P1-000002-1,FLETE_BASE,1000.00,ARS
CH-P1-000002-2,LIQ-ARS-000002,EXPRESO-SUR,AGR-SCALE-ARS,REM-P1-000002-2,FLETE_BASE,1000.00,ARS
CH-P1-000002-3,LIQ-ARS-000002,EXPRESO-SUR,AGR-SCALE-ARS,REM-P1-000002-3,FLETE_BASE,1000.00,ARS
CH-P1-000002-4,LIQ-ARS-000002,EXPRESO-SUR,AGR-SCALE-ARS,REM-P1-000002-4,FLETE_BASE,1000.00,ARS
CH-P2-000002-0,LIQ-ARS-000002,EXPRESO-SUR,AGR-SCALE-ARS,REM-P2-000002-0,FLETE_BASE,1200.00,ARS
CH-P2-000002-1,LIQ-ARS-000002,EXPRESO-SUR,AGR-SCALE-ARS,REM-P2-000002-1,FLETE_BASE,1200.00,ARS
CH-P2-000002-2,LIQ-ARS-000002,EXPRESO-SUR,AGR-SCALE-ARS,REM-P2-000002-2,FLETE_BASE,1200.00,ARS
CH-FE1-000002,LIQ-ARS-000002,EXPRESO-SUR,AGR-SCALE-ARS,REM-FE1-000002,FLETE_BASE,1350.00,ARS
CH-FE2-000002,LIQ-ARS-000002,EXPRESO-SUR,AGR-SCALE-ARS,REM-FE2-000002,FLETE_BASE,1150.00,ARS
CH-FD-000002,LIQ-ARS-000002,EXPRESO-SUR,AGR-SCALE-ARS,REM-FD-000002,FLETE_BASE,750.00,ARS
CH-REV-000002,LIQ-ARS-000002,EXPRESO-SUR,AGR-SCALE-ARS,REM-REV-000002,SEGURO,200.00,ARS
CH-UND-000002,LIQ-ARS-000002,TRANSPORTISTA-DESCONOCIDO,AGR-SCALE-ARS,REM-NOEXIST-000002,FLETE_BASE,1000.00,ARS
CH-USD-OC1-000002,LIQ-USD-000002,GLOBAL-CARGO,AGR-SCALE-USD,REM-USD-OC1-000002,FLETE_MARITIMO,500.00,USD
CH-USD-OC2-000002,LIQ-USD-000002,GLOBAL-CARGO,AGR-SCALE-USD,REM-USD-OC2-000002,FLETE_MARITIMO,500.00,USD
CH-USD-PT-000002,LIQ-USD-000002,GLOBAL-CARGO,AGR-SCALE-USD,REM-USD-PT-000002,GASTOS_PUERTO,150.00,USD
CH-USD-FAIL-000002,LIQ-USD-000002,GLOBAL-CARGO,AGR-SCALE-USD,REM-USD-FAIL-000002,FLETE_MARITIMO,620.00,USD
CH-N1-000002,LIQ-ARS-000002,EXPRESO-SUR,AGR-SCALE-ARS,REM-N1-000002,FLETE_BASE,1000.00,ARS
CH-1N-BASE-000002,LIQ-ARS-000002,EXPRESO-SUR,AGR-SCALE-ARS,REM-1N-000002,FLETE_BASE,1000.00,ARS
CH-1N-SEG-000002,LIQ-ARS-000002,EXPRESO-SUR,AGR-SCALE-ARS,REM-1N-000002,SEGURO,200.00,ARS
CH-P1-000003-0,LIQ-ARS-000003,EXPRESO-SUR,AGR-SCALE-ARS,REM-P1-000003-0,FLETE_BASE,1000.00,ARS
CH-P1-000003-1,LIQ-ARS-000003,EXPRESO-SUR,AGR-SCALE-ARS,REM-P1-000003-1,FLETE_BASE,1000.00,ARS
CH-P1-000003-2,LIQ-ARS-000003,EXPRESO-SUR,AGR-SCALE-ARS,REM-P1-000003-2,FLETE_BASE,1000.00,ARS
CH-P1-000003-3,LIQ-ARS-000003,EXPRESO-SUR,AGR-SCALE-ARS,REM-P1-000003-3,FLETE_BASE,1000.00,ARS
CH-P1-000003-4,LIQ-ARS-000003,EXPRESO-SUR,AGR-SCALE-ARS,REM-P1-000003-4,FLETE_BASE,1000.00,ARS
CH-P2-000003-0,LIQ-ARS-000003,EXPRESO-SUR,AGR-SCALE-ARS,REM-P2-000003-0,FLETE_BASE,1200.00,ARS
CH-P2-000003-1,LIQ-ARS-000003,EXPRESO-SUR,AGR-SCALE-ARS,REM-P2-000003-1,FLETE_BASE,1200.00,ARS
CH-P2-000003-2,LIQ-ARS-000003,EXPRESO-SUR,AGR-SCALE-ARS,REM-P2-000003-2,FLETE_BASE,1200.00,ARS
CH-FE1-000003,LIQ-ARS-000003,EXPRESO-SUR,AGR-SCALE-ARS,REM-FE1-000003,FLETE_BASE,1350.00,ARS
CH-FE2-000003,LIQ-ARS-000003,EXPRESO-SUR,AGR-SCALE-ARS,REM-FE2-000003,FLETE_BASE,1150.00,ARS
CH-FD-000003,LIQ-ARS-000003,EXPRESO-SUR,AGR-SCALE-ARS,REM-FD-000003,FLETE_BASE,750.00,ARS
CH-REV-000003,LIQ-ARS-000003,EXPRESO-SUR,AGR-SCALE-ARS,REM-REV-000003,SEGURO,200.00,ARS
CH-UND-000003,LIQ-ARS-000003,TRANSPORTISTA-DESCONOCIDO,AGR-SCALE-ARS,REM-NOEXIST-000003,FLETE_BASE,1000.00,ARS
CH-USD-OC1-000003,LIQ-USD-000003,GLOBAL-CARGO,AGR-SCALE-USD,REM-USD-OC1-000003,FLETE_MARITIMO,500.00,USD
CH-USD-OC2-000003,LIQ-USD-000003,GLOBAL-CARGO,AGR-SCALE-USD,REM-USD-OC2-000003,FLETE_MARITIMO,500.00,USD
CH-USD-PT-000003,LIQ-USD-000003,GLOBAL-CARGO,AGR-SCALE-USD,REM-USD-PT-000003,GASTOS_PUERTO,150.00,USD
CH-USD-FAIL-000003,LIQ-USD-000003,GLOBAL-CARGO,AGR-SCALE-USD,REM-USD-FAIL-000003,FLETE_MARITIMO,620.00,USD
CH-N1-000003,LIQ-ARS-000003,EXPRESO-SUR,AGR-SCALE-ARS,REM-N1-000003,FLETE_BASE,1000.00,ARS
CH-1N-BASE-000003,LIQ-ARS-000003,EXPRESO-SUR,AGR-SCALE-ARS,REM-1N-000003,FLETE_BASE,1000.00,ARS
CH-1N-SEG-000003,LIQ-ARS-000003,EXPRESO-SUR,AGR-SCALE-ARS,REM-1N-000003,SEGURO,200.00,ARS
CH-P1-000004-0,LIQ-ARS-000004,EXPRESO-SUR,AGR-SCALE-ARS,REM-P1-000004-0,FLETE_BASE,1000.00,ARS
CH-P1-000004-1,LIQ-ARS-000004,EXPRESO-SUR,AGR-SCALE-ARS,REM-P1-000004-1,FLETE_BASE,1000.00,ARS
CH-P1-000004-2,LIQ-ARS-000004,EXPRESO-SUR,AGR-SCALE-ARS,REM-P1-000004-2,FLETE_BASE,1000.00,ARS
CH-P1-000004-3,LIQ-ARS-000004,EXPRESO-SUR,AGR-SCALE-ARS,REM-P1-000004-3,FLETE_BASE,1000.00,ARS
CH-P1-000004-4,LIQ-ARS-000004,EXPRESO-SUR,AGR-SCALE-ARS,REM-P1-000004-4,FLETE_BASE,1000.00,ARS
CH-P2-000004-0,LIQ-ARS-000004,EXPRESO-SUR,AGR-SCALE-ARS,REM-P2-000004-0,FLETE_BASE,1200.00,ARS
CH-P2-000004-1,LIQ-ARS-000004,EXPRESO-SUR,AGR-SCALE-ARS,REM-P2-000004-1,FLETE_BASE,1200.00,ARS
CH-P2-000004-2,LIQ-ARS-000004,EXPRESO-SUR,AGR-SCALE-ARS,REM-P2-000004-2,FLETE_BASE,1200.00,ARS
CH-FE1-000004,LIQ-ARS-000004,EXPRESO-SUR,AGR-SCALE-ARS,REM-FE1-000004,FLETE_BASE,1350.00,ARS
CH-FE2-000004,LIQ-ARS-000004,EXPRESO-SUR,AGR-SCALE-ARS,REM-FE2-000004,FLETE_BASE,1150.00,ARS
CH-FD-000004,LIQ-ARS-000004,EXPRESO-SUR,AGR-SCALE-ARS,REM-FD-000004,FLETE_BASE,750.00,ARS
CH-REV-000004,LIQ-ARS-000004,EXPRESO-SUR,AGR-SCALE-ARS,REM-REV-000004,SEGURO,200.00,ARS
CH-UND-000004,LIQ-ARS-000004,TRANSPORTISTA-DESCONOCIDO,AGR-SCALE-ARS,REM-NOEXIST-000004,FLETE_BASE,1000.00,ARS
CH-USD-OC1-000004,LIQ-USD-000004,GLOBAL-CARGO,AGR-SCALE-USD,REM-USD-OC1-000004,FLETE_MARITIMO,500.00,USD
CH-USD-OC2-000004,LIQ-USD-000004,GLOBAL-CARGO,AGR-SCALE-USD,REM-USD-OC2-000004,FLETE_MARITIMO,500.00,USD
CH-USD-PT-000004,LIQ-USD-000004,GLOBAL-CARGO,AGR-SCALE-USD,REM-USD-PT-000004,GASTOS_PUERTO,150.00,USD
CH-USD-FAIL-000004,LIQ-USD-000004,GLOBAL-CARGO,AGR-SCALE-USD,REM-USD-FAIL-000004,FLETE_MARITIMO,620.00,USD
CH-N1-000004,LIQ-ARS-000004,EXPRESO-SUR,AGR-SCALE-ARS,REM-N1-000004,FLETE_BASE,1000.00,ARS
CH-1N-BASE-000004,LIQ-ARS-000004,EXPRESO-SUR,AGR-SCALE-ARS,REM-1N-000004,FLETE_BASE,1000.00,ARS
CH-1N-SEG-000004,LIQ-ARS-000004,EXPRESO-SUR,AGR-SCALE-ARS,REM-1N-000004,SEGURO,200.00,ARS
CH-P1-000005-0,LIQ-ARS-000005,EXPRESO-SUR,AGR-SCALE-ARS,REM-P1-000005-0,FLETE_BASE,1000.00,ARS
CH-P1-000005-1,LIQ-ARS-000005,EXPRESO-SUR,AGR-SCALE-ARS,REM-P1-000005-1,FLETE_BASE,1000.00,ARS
CH-P1-000005-2,LIQ-ARS-000005,EXPRESO-SUR,AGR-SCALE-ARS,REM-P1-000005-2,FLETE_BASE,1000.00,ARS
CH-P1-000005-3,LIQ-ARS-000005,EXPRESO-SUR,AGR-SCALE-ARS,REM-P1-000005-3,FLETE_BASE,1000.00,ARS
CH-P1-000005-4,LIQ-ARS-000005,EXPRESO-SUR,AGR-SCALE-ARS,REM-P1-000005-4,FLETE_BASE,1000.00,ARS
CH-P2-000005-0,LIQ-ARS-000005,EXPRESO-SUR,AGR-SCALE-ARS,REM-P2-000005-0,FLETE_BASE,1200.00,ARS
CH-P2-000005-1,LIQ-ARS-000005,EXPRESO-SUR,AGR-SCALE-ARS,REM-P2-000005-1,FLETE_BASE,1200.00,ARS
CH-P2-000005-2,LIQ-ARS-000005,EXPRESO-SUR,AGR-SCALE-ARS,REM-P2-000005-2,FLETE_BASE,1200.00,ARS
CH-FE1-000005,LIQ-ARS-000005,EXPRESO-SUR,AGR-SCALE-ARS,REM-FE1-000005,FLETE_BASE,1350.00,ARS
CH-FE2-000005,LIQ-ARS-000005,EXPRESO-SUR,AGR-SCALE-ARS,REM-FE2-000005,FLETE_BASE,1150.00,ARS
CH-FD-000005,LIQ-ARS-000005,EXPRESO-SUR,AGR-SCALE-ARS,REM-FD-000005,FLETE_BASE,750.00,ARS
CH-REV-000005,LIQ-ARS-000005,EXPRESO-SUR,AGR-SCALE-ARS,REM-REV-000005,SEGURO,200.00,ARS
CH-UND-000005,LIQ-ARS-000005,TRANSPORTISTA-DESCONOCIDO,AGR-SCALE-ARS,REM-NOEXIST-000005,FLETE_BASE,1000.00,ARS
CH-USD-OC1-000005,LIQ-USD-000005,GLOBAL-CARGO,AGR-SCALE-USD,REM-USD-OC1-000005,FLETE_MARITIMO,500.00,USD
CH-USD-OC2-000005,LIQ-USD-000005,GLOBAL-CARGO,AGR-SCALE-USD,REM-USD-OC2-000005,FLETE_MARITIMO,500.00,USD
CH-USD-PT-000005,LIQ-USD-000005,GLOBAL-CARGO,AGR-SCALE-USD,REM-USD-PT-000005,GASTOS_PUERTO,150.00,USD
CH-USD-FAIL-000005,LIQ-USD-000005,GLOBAL-CARGO,AGR-SCALE-USD,REM-USD-FAIL-000005,FLETE_MARITIMO,620.00,USD
CH-N1-000005,LIQ-ARS-000005,EXPRESO-SUR,AGR-SCALE-ARS,REM-N1-000005,FLETE_BASE,1000.00,ARS
CH-1N-BASE-000005,LIQ-ARS-000005,EXPRESO-SUR,AGR-SCALE-ARS,REM-1N-000005,FLETE_BASE,1000.00,ARS
CH-1N-SEG-000005,LIQ-ARS-000005,EXPRESO-SUR,AGR-SCALE-ARS,REM-1N-000005,SEGURO,200.00,ARS
CH-P1-000006-0,LIQ-ARS-000006,EXPRESO-SUR,AGR-SCALE-ARS,REM-P1-000006-0,FLETE_BASE,1000.00,ARS
CH-P1-000006-1,LIQ-ARS-000006,EXPRESO-SUR,AGR-SCALE-ARS,REM-P1-000006-1,FLETE_BASE,1000.00,ARS
CH-P1-000006-2,LIQ-ARS-000006,EXPRESO-SUR,AGR-SCALE-ARS,REM-P1-000006-2,FLETE_BASE,1000.00,ARS
CH-P1-000006-3,LIQ-ARS-000006,EXPRESO-SUR,AGR-SCALE-ARS,REM-P1-000006-3,FLETE_BASE,1000.00,ARS
CH-P1-000006-4,LIQ-ARS-000006,EXPRESO-SUR,AGR-SCALE-ARS,REM-P1-000006-4,FLETE_BASE,1000.00,ARS
CH-P2-000006-0,LIQ-ARS-000006,EXPRESO-SUR,AGR-SCALE-ARS,REM-P2-000006-0,FLETE_BASE,1200.00,ARS
CH-P2-000006-1,LIQ-ARS-000006,EXPRESO-SUR,AGR-SCALE-ARS,REM-P2-000006-1,FLETE_BASE,1200.00,ARS
CH-P2-000006-2,LIQ-ARS-000006,EXPRESO-SUR,AGR-SCALE-ARS,REM-P2-000006-2,FLETE_BASE,1200.00,ARS
CH-FE1-000006,LIQ-ARS-000006,EXPRESO-SUR,AGR-SCALE-ARS,REM-FE1-000006,FLETE_BASE,1350.00,ARS
CH-FE2-000006,LIQ-ARS-000006,EXPRESO-SUR,AGR-SCALE-ARS,REM-FE2-000006,FLETE_BASE,1150.00,ARS
CH-FD-000006,LIQ-ARS-000006,EXPRESO-SUR,AGR-SCALE-ARS,REM-FD-000006,FLETE_BASE,750.00,ARS
CH-REV-000006,LIQ-ARS-000006,EXPRESO-SUR,AGR-SCALE-ARS,REM-REV-000006,SEGURO,200.00,ARS
CH-UND-000006,LIQ-ARS-000006,TRANSPORTISTA-DESCONOCIDO,AGR-SCALE-ARS,REM-NOEXIST-000006,FLETE_BASE,1000.00,ARS
CH-USD-OC1-000006,LIQ-USD-000006,GLOBAL-CARGO,AGR-SCALE-USD,REM-USD-OC1-000006,FLETE_MARITIMO,500.00,USD
CH-USD-OC2-000006,LIQ-USD-000006,GLOBAL-CARGO,AGR-SCALE-USD,REM-USD-OC2-000006,FLETE_MARITIMO,500.00,USD
CH-USD-PT-000006,LIQ-USD-000006,GLOBAL-CARGO,AGR-SCALE-USD,REM-USD-PT-000006,GASTOS_PUERTO,150.00,USD
CH-USD-FAIL-000006,LIQ-USD-000006,GLOBAL-CARGO,AGR-SCALE-USD,REM-USD-FAIL-000006,FLETE_MARITIMO,620.00,USD
CH-N1-000006,LIQ-ARS-000006,EXPRESO-SUR,AGR-SCALE-ARS,REM-N1-000006,FLETE_BASE,1000.00,ARS
CH-1N-BASE-000006,LIQ-ARS-000006,EXPRESO-SUR,AGR-SCALE-ARS,REM-1N-000006,FLETE_BASE,1000.00,ARS
CH-1N-SEG-000006,LIQ-ARS-000006,EXPRESO-SUR,AGR-SCALE-ARS,REM-1N-000006,SEGURO,200.00,ARS
CH-P1-000007-0,LIQ-ARS-000007,EXPRESO-SUR,AGR-SCALE-ARS,REM-P1-000007-0,FLETE_BASE,1000.00,ARS
CH-P1-000007-1,LIQ-ARS-000007,EXPRESO-SUR,AGR-SCALE-ARS,REM-P1-000007-1,FLETE_BASE,1000.00,ARS
CH-P1-000007-2,LIQ-ARS-000007,EXPRESO-SUR,AGR-SCALE-ARS,REM-P1-000007-2,FLETE_BASE,1000.00,ARS
CH-P1-000007-3,LIQ-ARS-000007,EXPRESO-SUR,AGR-SCALE-ARS,REM-P1-000007-3,FLETE_BASE,1000.00,ARS
CH-P1-000007-4,LIQ-ARS-000007,EXPRESO-SUR,AGR-SCALE-ARS,REM-P1-000007-4,FLETE_BASE,1000.00,ARS
CH-P2-000007-0,LIQ-ARS-000007,EXPRESO-SUR,AGR-SCALE-ARS,REM-P2-000007-0,FLETE_BASE,1200.00,ARS
CH-P2-000007-1,LIQ-ARS-000007,EXPRESO-SUR,AGR-SCALE-ARS,REM-P2-000007-1,FLETE_BASE,1200.00,ARS
CH-P2-000007-2,LIQ-ARS-000007,EXPRESO-SUR,AGR-SCALE-ARS,REM-P2-000007-2,FLETE_BASE,1200.00,ARS
CH-FE1-000007,LIQ-ARS-000007,EXPRESO-SUR,AGR-SCALE-ARS,REM-FE1-000007,FLETE_BASE,1350.00,ARS
CH-FE2-000007,LIQ-ARS-000007,EXPRESO-SUR,AGR-SCALE-ARS,REM-FE2-000007,FLETE_BASE,1150.00,ARS
CH-FD-000007,LIQ-ARS-000007,EXPRESO-SUR,AGR-SCALE-ARS,REM-FD-000007,FLETE_BASE,750.00,ARS
CH-REV-000007,LIQ-ARS-000007,EXPRESO-SUR,AGR-SCALE-ARS,REM-REV-000007,SEGURO,200.00,ARS
CH-UND-000007,LIQ-ARS-000007,TRANSPORTISTA-DESCONOCIDO,AGR-SCALE-ARS,REM-NOEXIST-000007,FLETE_BASE,1000.00,ARS
CH-USD-OC1-000007,LIQ-USD-000007,GLOBAL-CARGO,AGR-SCALE-USD,REM-USD-OC1-000007,FLETE_MARITIMO,500.00,USD
CH-USD-OC2-000007,LIQ-USD-000007,GLOBAL-CARGO,AGR-SCALE-USD,REM-USD-OC2-000007,FLETE_MARITIMO,500.00,USD
CH-USD-PT-000007,LIQ-USD-000007,GLOBAL-CARGO,AGR-SCALE-USD,REM-USD-PT-000007,GASTOS_PUERTO,150.00,USD
CH-USD-FAIL-000007,LIQ-USD-000007,GLOBAL-CARGO,AGR-SCALE-USD,REM-USD-FAIL-000007,FLETE_MARITIMO,620.00,USD
CH-N1-000007,LIQ-ARS-000007,EXPRESO-SUR,AGR-SCALE-ARS,REM-N1-000007,FLETE_BASE,1000.00,ARS
CH-1N-BASE-000007,LIQ-ARS-000007,EXPRESO-SUR,AGR-SCALE-ARS,REM-1N-000007,FLETE_BASE,1000.00,ARS
CH-1N-SEG-000007,LIQ-ARS-000007,EXPRESO-SUR,AGR-SCALE-ARS,REM-1N-000007,SEGURO,200.00,ARS
CH-P1-000008-0,LIQ-ARS-000008,EXPRESO-SUR,AGR-SCALE-ARS,REM-P1-000008-0,FLETE_BASE,1000.00,ARS
CH-P1-000008-1,LIQ-ARS-000008,EXPRESO-SUR,AGR-SCALE-ARS,REM-P1-000008-1,FLETE_BASE,1000.00,ARS
CH-P1-000008-2,LIQ-ARS-000008,EXPRESO-SUR,AGR-SCALE-ARS,REM-P1-000008-2,FLETE_BASE,1000.00,ARS
CH-P1-000008-3,LIQ-ARS-000008,EXPRESO-SUR,AGR-SCALE-ARS,REM-P1-000008-3,FLETE_BASE,1000.00,ARS
CH-P1-000008-4,LIQ-ARS-000008,EXPRESO-SUR,AGR-SCALE-ARS,REM-P1-000008-4,FLETE_BASE,1000.00,ARS
CH-P2-000008-0,LIQ-ARS-000008,EXPRESO-SUR,AGR-SCALE-ARS,REM-P2-000008-0,FLETE_BASE,1200.00,ARS
CH-P2-000008-1,LIQ-ARS-000008,EXPRESO-SUR,AGR-SCALE-ARS,REM-P2-000008-1,FLETE_BASE,1200.00,ARS
CH-P2-000008-2,LIQ-ARS-000008,EXPRESO-SUR,AGR-SCALE-ARS,REM-P2-000008-2,FLETE_BASE,1200.00,ARS
CH-FE1-000008,LIQ-ARS-000008,EXPRESO-SUR,AGR-SCALE-ARS,REM-FE1-000008,FLETE_BASE,1350.00,ARS
CH-FE2-000008,LIQ-ARS-000008,EXPRESO-SUR,AGR-SCALE-ARS,REM-FE2-000008,FLETE_BASE,1150.00,ARS
CH-FD-000008,LIQ-ARS-000008,EXPRESO-SUR,AGR-SCALE-ARS,REM-FD-000008,FLETE_BASE,750.00,ARS
CH-REV-000008,LIQ-ARS-000008,EXPRESO-SUR,AGR-SCALE-ARS,REM-REV-000008,SEGURO,200.00,ARS
CH-UND-000008,LIQ-ARS-000008,TRANSPORTISTA-DESCONOCIDO,AGR-SCALE-ARS,REM-NOEXIST-000008,FLETE_BASE,1000.00,ARS
CH-USD-OC1-000008,LIQ-USD-000008,GLOBAL-CARGO,AGR-SCALE-USD,REM-USD-OC1-000008,FLETE_MARITIMO,500.00,USD
CH-USD-OC2-000008,LIQ-USD-000008,GLOBAL-CARGO,AGR-SCALE-USD,REM-USD-OC2-000008,FLETE_MARITIMO,500.00,USD
CH-USD-PT-000008,LIQ-USD-000008,GLOBAL-CARGO,AGR-SCALE-USD,REM-USD-PT-000008,GASTOS_PUERTO,150.00,USD
CH-USD-FAIL-000008,LIQ-USD-000008,GLOBAL-CARGO,AGR-SCALE-USD,REM-USD-FAIL-000008,FLETE_MARITIMO,620.00,USD
CH-N1-000008,LIQ-ARS-000008,EXPRESO-SUR,AGR-SCALE-ARS,REM-N1-000008,FLETE_BASE,1000.00,ARS
CH-1N-BASE-000008,LIQ-ARS-000008,EXPRESO-SUR,AGR-SCALE-ARS,REM-1N-000008,FLETE_BASE,1000.00,ARS
CH-1N-SEG-000008,LIQ-ARS-000008,EXPRESO-SUR,AGR-SCALE-ARS,REM-1N-000008,SEGURO,200.00,ARS
CH-P1-000009-0,LIQ-ARS-000009,EXPRESO-SUR,AGR-SCALE-ARS,REM-P1-000009-0,FLETE_BASE,1000.00,ARS
CH-P1-000009-1,LIQ-ARS-000009,EXPRESO-SUR,AGR-SCALE-ARS,REM-P1-000009-1,FLETE_BASE,1000.00,ARS
CH-P1-000009-2,LIQ-ARS-000009,EXPRESO-SUR,AGR-SCALE-ARS,REM-P1-000009-2,FLETE_BASE,1000.00,ARS
CH-P1-000009-3,LIQ-ARS-000009,EXPRESO-SUR,AGR-SCALE-ARS,REM-P1-000009-3,FLETE_BASE,1000.00,ARS
CH-P1-000009-4,LIQ-ARS-000009,EXPRESO-SUR,AGR-SCALE-ARS,REM-P1-000009-4,FLETE_BASE,1000.00,ARS
CH-P2-000009-0,LIQ-ARS-000009,EXPRESO-SUR,AGR-SCALE-ARS,REM-P2-000009-0,FLETE_BASE,1200.00,ARS
CH-P2-000009-1,LIQ-ARS-000009,EXPRESO-SUR,AGR-SCALE-ARS,REM-P2-000009-1,FLETE_BASE,1200.00,ARS
CH-P2-000009-2,LIQ-ARS-000009,EXPRESO-SUR,AGR-SCALE-ARS,REM-P2-000009-2,FLETE_BASE,1200.00,ARS
CH-FE1-000009,LIQ-ARS-000009,EXPRESO-SUR,AGR-SCALE-ARS,REM-FE1-000009,FLETE_BASE,1350.00,ARS
CH-FE2-000009,LIQ-ARS-000009,EXPRESO-SUR,AGR-SCALE-ARS,REM-FE2-000009,FLETE_BASE,1150.00,ARS
CH-FD-000009,LIQ-ARS-000009,EXPRESO-SUR,AGR-SCALE-ARS,REM-FD-000009,FLETE_BASE,750.00,ARS
CH-REV-000009,LIQ-ARS-000009,EXPRESO-SUR,AGR-SCALE-ARS,REM-REV-000009,SEGURO,200.00,ARS
CH-UND-000009,LIQ-ARS-000009,TRANSPORTISTA-DESCONOCIDO,AGR-SCALE-ARS,REM-NOEXIST-000009,FLETE_BASE,1000.00,ARS
CH-USD-OC1-000009,LIQ-USD-000009,GLOBAL-CARGO,AGR-SCALE-USD,REM-USD-OC1-000009,FLETE_MARITIMO,500.00,USD
CH-USD-OC2-000009,LIQ-USD-000009,GLOBAL-CARGO,AGR-SCALE-USD,REM-USD-OC2-000009,FLETE_MARITIMO,500.00,USD
CH-USD-PT-000009,LIQ-USD-000009,GLOBAL-CARGO,AGR-SCALE-USD,REM-USD-PT-000009,GASTOS_PUERTO,150.00,USD
CH-USD-FAIL-000009,LIQ-USD-000009,GLOBAL-CARGO,AGR-SCALE-USD,REM-USD-FAIL-000009,FLETE_MARITIMO,620.00,USD
CH-N1-000009,LIQ-ARS-000009,EXPRESO-SUR,AGR-SCALE-ARS,REM-N1-000009,FLETE_BASE,1000.00,ARS
CH-1N-BASE-000009,LIQ-ARS-000009,EXPRESO-SUR,AGR-SCALE-ARS,REM-1N-000009,FLETE_BASE,1000.00,ARS
CH-1N-SEG-000009,LIQ-ARS-000009,EXPRESO-SUR,AGR-SCALE-ARS,REM-1N-000009,SEGURO,200.00,ARS
CH-P1-000010-0,LIQ-ARS-000010,EXPRESO-SUR,AGR-SCALE-ARS,REM-P1-000010-0,FLETE_BASE,1000.00,ARS
CH-P1-000010-1,LIQ-ARS-000010,EXPRESO-SUR,AGR-SCALE-ARS,REM-P1-000010-1,FLETE_BASE,1000.00,ARS
CH-P1-000010-2,LIQ-ARS-000010,EXPRESO-SUR,AGR-SCALE-ARS,REM-P1-000010-2,FLETE_BASE,1000.00,ARS
CH-P1-000010-3,LIQ-ARS-000010,EXPRESO-SUR,AGR-SCALE-ARS,REM-P1-000010-3,FLETE_BASE,1000.00,ARS
CH-P1-000010-4,LIQ-ARS-000010,EXPRESO-SUR,AGR-SCALE-ARS,REM-P1-000010-4,FLETE_BASE,1000.00,ARS
CH-P2-000010-0,LIQ-ARS-000010,EXPRESO-SUR,AGR-SCALE-ARS,REM-P2-000010-0,FLETE_BASE,1200.00,ARS
CH-P2-000010-1,LIQ-ARS-000010,EXPRESO-SUR,AGR-SCALE-ARS,REM-P2-000010-1,FLETE_BASE,1200.00,ARS
CH-P2-000010-2,LIQ-ARS-000010,EXPRESO-SUR,AGR-SCALE-ARS,REM-P2-000010-2,FLETE_BASE,1200.00,ARS
CH-FE1-000010,LIQ-ARS-000010,EXPRESO-SUR,AGR-SCALE-ARS,REM-FE1-000010,FLETE_BASE,1350.00,ARS
CH-FE2-000010,LIQ-ARS-000010,EXPRESO-SUR,AGR-SCALE-ARS,REM-FE2-000010,FLETE_BASE,1150.00,ARS
CH-FD-000010,LIQ-ARS-000010,EXPRESO-SUR,AGR-SCALE-ARS,REM-FD-000010,FLETE_BASE,750.00,ARS
CH-REV-000010,LIQ-ARS-000010,EXPRESO-SUR,AGR-SCALE-ARS,REM-REV-000010,SEGURO,200.00,ARS
CH-UND-000010,LIQ-ARS-000010,TRANSPORTISTA-DESCONOCIDO,AGR-SCALE-ARS,REM-NOEXIST-000010,FLETE_BASE,1000.00,ARS
CH-USD-OC1-000010,LIQ-USD-000010,GLOBAL-CARGO,AGR-SCALE-USD,REM-USD-OC1-000010,FLETE_MARITIMO,500.00,USD
CH-USD-OC2-000010,LIQ-USD-000010,GLOBAL-CARGO,AGR-SCALE-USD,REM-USD-OC2-000010,FLETE_MARITIMO,500.00,USD
CH-USD-PT-000010,LIQ-USD-000010,GLOBAL-CARGO,AGR-SCALE-USD,REM-USD-PT-000010,GASTOS_PUERTO,150.00,USD
CH-USD-FAIL-000010,LIQ-USD-000010,GLOBAL-CARGO,AGR-SCALE-USD,REM-USD-FAIL-000010,FLETE_MARITIMO,620.00,USD
CH-N1-000010,LIQ-ARS-000010,EXPRESO-SUR,AGR-SCALE-ARS,REM-N1-000010,FLETE_BASE,1000.00,ARS
CH-1N-BASE-000010,LIQ-ARS-000010,EXPRESO-SUR,AGR-SCALE-ARS,REM-1N-000010,FLETE_BASE,1000.00,ARS
CH-1N-SEG-000010,LIQ-ARS-000010,EXPRESO-SUR,AGR-SCALE-ARS,REM-1N-000010,SEGURO,200.00,ARS
CH-P1-000011-0,LIQ-ARS-000011,EXPRESO-SUR,AGR-SCALE-ARS,REM-P1-000011-0,FLETE_BASE,1000.00,ARS
CH-P1-000011-1,LIQ-ARS-000011,EXPRESO-SUR,AGR-SCALE-ARS,REM-P1-000011-1,FLETE_BASE,1000.00,ARS
CH-P1-000011-2,LIQ-ARS-000011,EXPRESO-SUR,AGR-SCALE-ARS,REM-P1-000011-2,FLETE_BASE,1000.00,ARS
CH-P1-000011-3,LIQ-ARS-000011,EXPRESO-SUR,AGR-SCALE-ARS,REM-P1-000011-3,FLETE_BASE,1000.00,ARS
CH-P1-000011-4,LIQ-ARS-000011,EXPRESO-SUR,AGR-SCALE-ARS,REM-P1-000011-4,FLETE_BASE,1000.00,ARS
CH-P2-000011-0,LIQ-ARS-000011,EXPRESO-SUR,AGR-SCALE-ARS,REM-P2-000011-0,FLETE_BASE,1200.00,ARS
CH-P2-000011-1,LIQ-ARS-000011,EXPRESO-SUR,AGR-SCALE-ARS,REM-P2-000011-1,FLETE_BASE,1200.00,ARS
CH-P2-000011-2,LIQ-ARS-000011,EXPRESO-SUR,AGR-SCALE-ARS,REM-P2-000011-2,FLETE_BASE,1200.00,ARS
CH-FE1-000011,LIQ-ARS-000011,EXPRESO-SUR,AGR-SCALE-ARS,REM-FE1-000011,FLETE_BASE,1350.00,ARS
CH-FE2-000011,LIQ-ARS-000011,EXPRESO-SUR,AGR-SCALE-ARS,REM-FE2-000011,FLETE_BASE,1150.00,ARS
CH-FD-000011,LIQ-ARS-000011,EXPRESO-SUR,AGR-SCALE-ARS,REM-FD-000011,FLETE_BASE,750.00,ARS
CH-REV-000011,LIQ-ARS-000011,EXPRESO-SUR,AGR-SCALE-ARS,REM-REV-000011,SEGURO,200.00,ARS
CH-UND-000011,LIQ-ARS-000011,TRANSPORTISTA-DESCONOCIDO,AGR-SCALE-ARS,REM-NOEXIST-000011,FLETE_BASE,1000.00,ARS
CH-USD-OC1-000011,LIQ-USD-000011,GLOBAL-CARGO,AGR-SCALE-USD,REM-USD-OC1-000011,FLETE_MARITIMO,500.00,USD
CH-USD-OC2-000011,LIQ-USD-000011,GLOBAL-CARGO,AGR-SCALE-USD,REM-USD-OC2-000011,FLETE_MARITIMO,500.00,USD
CH-USD-PT-000011,LIQ-USD-000011,GLOBAL-CARGO,AGR-SCALE-USD,REM-USD-PT-000011,GASTOS_PUERTO,150.00,USD
CH-USD-FAIL-000011,LIQ-USD-000011,GLOBAL-CARGO,AGR-SCALE-USD,REM-USD-FAIL-000011,FLETE_MARITIMO,620.00,USD
CH-N1-000011,LIQ-ARS-000011,EXPRESO-SUR,AGR-SCALE-ARS,REM-N1-000011,FLETE_BASE,1000.00,ARS
CH-1N-BASE-000011,LIQ-ARS-000011,EXPRESO-SUR,AGR-SCALE-ARS,REM-1N-000011,FLETE_BASE,1000.00,ARS
CH-1N-SEG-000011,LIQ-ARS-000011,EXPRESO-SUR,AGR-SCALE-ARS,REM-1N-000011,SEGURO,200.00,ARS
CH-P1-000012-0,LIQ-ARS-000012,EXPRESO-SUR,AGR-SCALE-ARS,REM-P1-000012-0,FLETE_BASE,1000.00,ARS
CH-P1-000012-1,LIQ-ARS-000012,EXPRESO-SUR,AGR-SCALE-ARS,REM-P1-000012-1,FLETE_BASE,1000.00,ARS
CH-P1-000012-2,LIQ-ARS-000012,EXPRESO-SUR,AGR-SCALE-ARS,REM-P1-000012-2,FLETE_BASE,1000.00,ARS
CH-P1-000012-3,LIQ-ARS-000012,EXPRESO-SUR,AGR-SCALE-ARS,REM-P1-000012-3,FLETE_BASE,1000.00,ARS
CH-P1-000012-4,LIQ-ARS-000012,EXPRESO-SUR,AGR-SCALE-ARS,REM-P1-000012-4,FLETE_BASE,1000.00,ARS
CH-P2-000012-0,LIQ-ARS-000012,EXPRESO-SUR,AGR-SCALE-ARS,REM-P2-000012-0,FLETE_BASE,1200.00,ARS
CH-P2-000012-1,LIQ-ARS-000012,EXPRESO-SUR,AGR-SCALE-ARS,REM-P2-000012-1,FLETE_BASE,1200.00,ARS
CH-P2-000012-2,LIQ-ARS-000012,EXPRESO-SUR,AGR-SCALE-ARS,REM-P2-000012-2,FLETE_BASE,1200.00,ARS
CH-FE1-000012,LIQ-ARS-000012,EXPRESO-SUR,AGR-SCALE-ARS,REM-FE1-000012,FLETE_BASE,1350.00,ARS
CH-FE2-000012,LIQ-ARS-000012,EXPRESO-SUR,AGR-SCALE-ARS,REM-FE2-000012,FLETE_BASE,1150.00,ARS
CH-FD-000012,LIQ-ARS-000012,EXPRESO-SUR,AGR-SCALE-ARS,REM-FD-000012,FLETE_BASE,750.00,ARS
CH-REV-000012,LIQ-ARS-000012,EXPRESO-SUR,AGR-SCALE-ARS,REM-REV-000012,SEGURO,200.00,ARS
CH-UND-000012,LIQ-ARS-000012,TRANSPORTISTA-DESCONOCIDO,AGR-SCALE-ARS,REM-NOEXIST-000012,FLETE_BASE,1000.00,ARS
CH-USD-OC1-000012,LIQ-USD-000012,GLOBAL-CARGO,AGR-SCALE-USD,REM-USD-OC1-000012,FLETE_MARITIMO,500.00,USD
CH-USD-OC2-000012,LIQ-USD-000012,GLOBAL-CARGO,AGR-SCALE-USD,REM-USD-OC2-000012,FLETE_MARITIMO,500.00,USD
CH-USD-PT-000012,LIQ-USD-000012,GLOBAL-CARGO,AGR-SCALE-USD,REM-USD-PT-000012,GASTOS_PUERTO,150.00,USD
CH-USD-FAIL-000012,LIQ-USD-000012,GLOBAL-CARGO,AGR-SCALE-USD,REM-USD-FAIL-000012,FLETE_MARITIMO,620.00,USD
CH-N1-000012,LIQ-ARS-000012,EXPRESO-SUR,AGR-SCALE-ARS,REM-N1-000012,FLETE_BASE,1000.00,ARS
CH-1N-BASE-000012,LIQ-ARS-000012,EXPRESO-SUR,AGR-SCALE-ARS,REM-1N-000012,FLETE_BASE,1000.00,ARS
CH-1N-SEG-000012,LIQ-ARS-000012,EXPRESO-SUR,AGR-SCALE-ARS,REM-1N-000012,SEGURO,200.00,ARS
CH-P1-000013-0,LIQ-ARS-000013,EXPRESO-SUR,AGR-SCALE-ARS,REM-P1-000013-0,FLETE_BASE,1000.00,ARS
CH-P1-000013-1,LIQ-ARS-000013,EXPRESO-SUR,AGR-SCALE-ARS,REM-P1-000013-1,FLETE_BASE,1000.00,ARS
CH-P1-000013-2,LIQ-ARS-000013,EXPRESO-SUR,AGR-SCALE-ARS,REM-P1-000013-2,FLETE_BASE,1000.00,ARS
CH-P1-000013-3,LIQ-ARS-000013,EXPRESO-SUR,AGR-SCALE-ARS,REM-P1-000013-3,FLETE_BASE,1000.00,ARS
CH-P1-000013-4,LIQ-ARS-000013,EXPRESO-SUR,AGR-SCALE-ARS,REM-P1-000013-4,FLETE_BASE,1000.00,ARS
CH-P2-000013-0,LIQ-ARS-000013,EXPRESO-SUR,AGR-SCALE-ARS,REM-P2-000013-0,FLETE_BASE,1200.00,ARS
CH-P2-000013-1,LIQ-ARS-000013,EXPRESO-SUR,AGR-SCALE-ARS,REM-P2-000013-1,FLETE_BASE,1200.00,ARS
CH-P2-000013-2,LIQ-ARS-000013,EXPRESO-SUR,AGR-SCALE-ARS,REM-P2-000013-2,FLETE_BASE,1200.00,ARS
CH-FE1-000013,LIQ-ARS-000013,EXPRESO-SUR,AGR-SCALE-ARS,REM-FE1-000013,FLETE_BASE,1350.00,ARS
CH-FE2-000013,LIQ-ARS-000013,EXPRESO-SUR,AGR-SCALE-ARS,REM-FE2-000013,FLETE_BASE,1150.00,ARS
CH-FD-000013,LIQ-ARS-000013,EXPRESO-SUR,AGR-SCALE-ARS,REM-FD-000013,FLETE_BASE,750.00,ARS
CH-REV-000013,LIQ-ARS-000013,EXPRESO-SUR,AGR-SCALE-ARS,REM-REV-000013,SEGURO,200.00,ARS
CH-UND-000013,LIQ-ARS-000013,TRANSPORTISTA-DESCONOCIDO,AGR-SCALE-ARS,REM-NOEXIST-000013,FLETE_BASE,1000.00,ARS
CH-USD-OC1-000013,LIQ-USD-000013,GLOBAL-CARGO,AGR-SCALE-USD,REM-USD-OC1-000013,FLETE_MARITIMO,500.00,USD
CH-USD-OC2-000013,LIQ-USD-000013,GLOBAL-CARGO,AGR-SCALE-USD,REM-USD-OC2-000013,FLETE_MARITIMO,500.00,USD
CH-USD-PT-000013,LIQ-USD-000013,GLOBAL-CARGO,AGR-SCALE-USD,REM-USD-PT-000013,GASTOS_PUERTO,150.00,USD
CH-USD-FAIL-000013,LIQ-USD-000013,GLOBAL-CARGO,AGR-SCALE-USD,REM-USD-FAIL-000013,FLETE_MARITIMO,620.00,USD
CH-N1-000013,LIQ-ARS-000013,EXPRESO-SUR,AGR-SCALE-ARS,REM-N1-000013,FLETE_BASE,1000.00,ARS
CH-1N-BASE-000013,LIQ-ARS-000013,EXPRESO-SUR,AGR-SCALE-ARS,REM-1N-000013,FLETE_BASE,1000.00,ARS
CH-1N-SEG-000013,LIQ-ARS-000013,EXPRESO-SUR,AGR-SCALE-ARS,REM-1N-000013,SEGURO,200.00,ARS
CH-P1-000014-0,LIQ-ARS-000014,EXPRESO-SUR,AGR-SCALE-ARS,REM-P1-000014-0,FLETE_BASE,1000.00,ARS
CH-P1-000014-1,LIQ-ARS-000014,EXPRESO-SUR,AGR-SCALE-ARS,REM-P1-000014-1,FLETE_BASE,1000.00,ARS
CH-P1-000014-2,LIQ-ARS-000014,EXPRESO-SUR,AGR-SCALE-ARS,REM-P1-000014-2,FLETE_BASE,1000.00,ARS
CH-P1-000014-3,LIQ-ARS-000014,EXPRESO-SUR,AGR-SCALE-ARS,REM-P1-000014-3,FLETE_BASE,1000.00,ARS
CH-P1-000014-4,LIQ-ARS-000014,EXPRESO-SUR,AGR-SCALE-ARS,REM-P1-000014-4,FLETE_BASE,1000.00,ARS
CH-P2-000014-0,LIQ-ARS-000014,EXPRESO-SUR,AGR-SCALE-ARS,REM-P2-000014-0,FLETE_BASE,1200.00,ARS
CH-P2-000014-1,LIQ-ARS-000014,EXPRESO-SUR,AGR-SCALE-ARS,REM-P2-000014-1,FLETE_BASE,1200.00,ARS
CH-P2-000014-2,LIQ-ARS-000014,EXPRESO-SUR,AGR-SCALE-ARS,REM-P2-000014-2,FLETE_BASE,1200.00,ARS
CH-FE1-000014,LIQ-ARS-000014,EXPRESO-SUR,AGR-SCALE-ARS,REM-FE1-000014,FLETE_BASE,1350.00,ARS
CH-FE2-000014,LIQ-ARS-000014,EXPRESO-SUR,AGR-SCALE-ARS,REM-FE2-000014,FLETE_BASE,1150.00,ARS
CH-FD-000014,LIQ-ARS-000014,EXPRESO-SUR,AGR-SCALE-ARS,REM-FD-000014,FLETE_BASE,750.00,ARS
CH-REV-000014,LIQ-ARS-000014,EXPRESO-SUR,AGR-SCALE-ARS,REM-REV-000014,SEGURO,200.00,ARS
CH-UND-000014,LIQ-ARS-000014,TRANSPORTISTA-DESCONOCIDO,AGR-SCALE-ARS,REM-NOEXIST-000014,FLETE_BASE,1000.00,ARS
CH-USD-OC1-000014,LIQ-USD-000014,GLOBAL-CARGO,AGR-SCALE-USD,REM-USD-OC1-000014,FLETE_MARITIMO,500.00,USD
CH-USD-OC2-000014,LIQ-USD-000014,GLOBAL-CARGO,AGR-SCALE-USD,REM-USD-OC2-000014,FLETE_MARITIMO,500.00,USD
CH-USD-PT-000014,LIQ-USD-000014,GLOBAL-CARGO,AGR-SCALE-USD,REM-USD-PT-000014,GASTOS_PUERTO,150.00,USD
CH-USD-FAIL-000014,LIQ-USD-000014,GLOBAL-CARGO,AGR-SCALE-USD,REM-USD-FAIL-000014,FLETE_MARITIMO,620.00,USD
CH-N1-000014,LIQ-ARS-000014,EXPRESO-SUR,AGR-SCALE-ARS,REM-N1-000014,FLETE_BASE,1000.00,ARS
CH-1N-BASE-000014,LIQ-ARS-000014,EXPRESO-SUR,AGR-SCALE-ARS,REM-1N-000014,FLETE_BASE,1000.00,ARS
CH-1N-SEG-000014,LIQ-ARS-000014,EXPRESO-SUR,AGR-SCALE-ARS,REM-1N-000014,SEGURO,200.00,ARS
CH-P1-000015-0,LIQ-ARS-000015,EXPRESO-SUR,AGR-SCALE-ARS,REM-P1-000015-0,FLETE_BASE,1000.00,ARS
CH-P1-000015-1,LIQ-ARS-000015,EXPRESO-SUR,AGR-SCALE-ARS,REM-P1-000015-1,FLETE_BASE,1000.00,ARS
CH-P1-000015-2,LIQ-ARS-000015,EXPRESO-SUR,AGR-SCALE-ARS,REM-P1-000015-2,FLETE_BASE,1000.00,ARS
CH-P1-000015-3,LIQ-ARS-000015,EXPRESO-SUR,AGR-SCALE-ARS,REM-P1-000015-3,FLETE_BASE,1000.00,ARS
CH-P1-000015-4,LIQ-ARS-000015,EXPRESO-SUR,AGR-SCALE-ARS,REM-P1-000015-4,FLETE_BASE,1000.00,ARS
CH-P2-000015-0,LIQ-ARS-000015,EXPRESO-SUR,AGR-SCALE-ARS,REM-P2-000015-0,FLETE_BASE,1200.00,ARS
CH-P2-000015-1,LIQ-ARS-000015,EXPRESO-SUR,AGR-SCALE-ARS,REM-P2-000015-1,FLETE_BASE,1200.00,ARS
CH-P2-000015-2,LIQ-ARS-000015,EXPRESO-SUR,AGR-SCALE-ARS,REM-P2-000015-2,FLETE_BASE,1200.00,ARS
CH-FE1-000015,LIQ-ARS-000015,EXPRESO-SUR,AGR-SCALE-ARS,REM-FE1-000015,FLETE_BASE,1350.00,ARS
CH-FE2-000015,LIQ-ARS-000015,EXPRESO-SUR,AGR-SCALE-ARS,REM-FE2-000015,FLETE_BASE,1150.00,ARS
CH-FD-000015,LIQ-ARS-000015,EXPRESO-SUR,AGR-SCALE-ARS,REM-FD-000015,FLETE_BASE,750.00,ARS
CH-REV-000015,LIQ-ARS-000015,EXPRESO-SUR,AGR-SCALE-ARS,REM-REV-000015,SEGURO,200.00,ARS
CH-UND-000015,LIQ-ARS-000015,TRANSPORTISTA-DESCONOCIDO,AGR-SCALE-ARS,REM-NOEXIST-000015,FLETE_BASE,1000.00,ARS
CH-USD-OC1-000015,LIQ-USD-000015,GLOBAL-CARGO,AGR-SCALE-USD,REM-USD-OC1-000015,FLETE_MARITIMO,500.00,USD
CH-USD-OC2-000015,LIQ-USD-000015,GLOBAL-CARGO,AGR-SCALE-USD,REM-USD-OC2-000015,FLETE_MARITIMO,500.00,USD
CH-USD-PT-000015,LIQ-USD-000015,GLOBAL-CARGO,AGR-SCALE-USD,REM-USD-PT-000015,GASTOS_PUERTO,150.00,USD
CH-USD-FAIL-000015,LIQ-USD-000015,GLOBAL-CARGO,AGR-SCALE-USD,REM-USD-FAIL-000015,FLETE_MARITIMO,620.00,USD
CH-N1-000015,LIQ-ARS-000015,EXPRESO-SUR,AGR-SCALE-ARS,REM-N1-000015,FLETE_BASE,1000.00,ARS
CH-1N-BASE-000015,LIQ-ARS-000015,EXPRESO-SUR,AGR-SCALE-ARS,REM-1N-000015,FLETE_BASE,1000.00,ARS
CH-1N-SEG-000015,LIQ-ARS-000015,EXPRESO-SUR,AGR-SCALE-ARS,REM-1N-000015,SEGURO,200.00,ARS
CH-P1-000016-0,LIQ-ARS-000016,EXPRESO-SUR,AGR-SCALE-ARS,REM-P1-000016-0,FLETE_BASE,1000.00,ARS
CH-P1-000016-1,LIQ-ARS-000016,EXPRESO-SUR,AGR-SCALE-ARS,REM-P1-000016-1,FLETE_BASE,1000.00,ARS
CH-P1-000016-2,LIQ-ARS-000016,EXPRESO-SUR,AGR-SCALE-ARS,REM-P1-000016-2,FLETE_BASE,1000.00,ARS
CH-P1-000016-3,LIQ-ARS-000016,EXPRESO-SUR,AGR-SCALE-ARS,REM-P1-000016-3,FLETE_BASE,1000.00,ARS
CH-P1-000016-4,LIQ-ARS-000016,EXPRESO-SUR,AGR-SCALE-ARS,REM-P1-000016-4,FLETE_BASE,1000.00,ARS
CH-P2-000016-0,LIQ-ARS-000016,EXPRESO-SUR,AGR-SCALE-ARS,REM-P2-000016-0,FLETE_BASE,1200.00,ARS
CH-P2-000016-1,LIQ-ARS-000016,EXPRESO-SUR,AGR-SCALE-ARS,REM-P2-000016-1,FLETE_BASE,1200.00,ARS
CH-P2-000016-2,LIQ-ARS-000016,EXPRESO-SUR,AGR-SCALE-ARS,REM-P2-000016-2,FLETE_BASE,1200.00,ARS
CH-FE1-000016,LIQ-ARS-000016,EXPRESO-SUR,AGR-SCALE-ARS,REM-FE1-000016,FLETE_BASE,1350.00,ARS
CH-FE2-000016,LIQ-ARS-000016,EXPRESO-SUR,AGR-SCALE-ARS,REM-FE2-000016,FLETE_BASE,1150.00,ARS
CH-FD-000016,LIQ-ARS-000016,EXPRESO-SUR,AGR-SCALE-ARS,REM-FD-000016,FLETE_BASE,750.00,ARS
CH-REV-000016,LIQ-ARS-000016,EXPRESO-SUR,AGR-SCALE-ARS,REM-REV-000016,SEGURO,200.00,ARS
CH-UND-000016,LIQ-ARS-000016,TRANSPORTISTA-DESCONOCIDO,AGR-SCALE-ARS,REM-NOEXIST-000016,FLETE_BASE,1000.00,ARS
CH-USD-OC1-000016,LIQ-USD-000016,GLOBAL-CARGO,AGR-SCALE-USD,REM-USD-OC1-000016,FLETE_MARITIMO,500.00,USD
CH-USD-OC2-000016,LIQ-USD-000016,GLOBAL-CARGO,AGR-SCALE-USD,REM-USD-OC2-000016,FLETE_MARITIMO,500.00,USD
CH-USD-PT-000016,LIQ-USD-000016,GLOBAL-CARGO,AGR-SCALE-USD,REM-USD-PT-000016,GASTOS_PUERTO,150.00,USD
CH-USD-FAIL-000016,LIQ-USD-000016,GLOBAL-CARGO,AGR-SCALE-USD,REM-USD-FAIL-000016,FLETE_MARITIMO,620.00,USD
CH-N1-000016,LIQ-ARS-000016,EXPRESO-SUR,AGR-SCALE-ARS,REM-N1-000016,FLETE_BASE,1000.00,ARS
CH-1N-BASE-000016,LIQ-ARS-000016,EXPRESO-SUR,AGR-SCALE-ARS,REM-1N-000016,FLETE_BASE,1000.00,ARS
CH-1N-SEG-000016,LIQ-ARS-000016,EXPRESO-SUR,AGR-SCALE-ARS,REM-1N-000016,SEGURO,200.00,ARS
CH-P1-000017-0,LIQ-ARS-000017,EXPRESO-SUR,AGR-SCALE-ARS,REM-P1-000017-0,FLETE_BASE,1000.00,ARS
CH-P1-000017-1,LIQ-ARS-000017,EXPRESO-SUR,AGR-SCALE-ARS,REM-P1-000017-1,FLETE_BASE,1000.00,ARS
CH-P1-000017-2,LIQ-ARS-000017,EXPRESO-SUR,AGR-SCALE-ARS,REM-P1-000017-2,FLETE_BASE,1000.00,ARS
CH-P1-000017-3,LIQ-ARS-000017,EXPRESO-SUR,AGR-SCALE-ARS,REM-P1-000017-3,FLETE_BASE,1000.00,ARS
CH-P1-000017-4,LIQ-ARS-000017,EXPRESO-SUR,AGR-SCALE-ARS,REM-P1-000017-4,FLETE_BASE,1000.00,ARS
CH-P2-000017-0,LIQ-ARS-000017,EXPRESO-SUR,AGR-SCALE-ARS,REM-P2-000017-0,FLETE_BASE,1200.00,ARS
CH-P2-000017-1,LIQ-ARS-000017,EXPRESO-SUR,AGR-SCALE-ARS,REM-P2-000017-1,FLETE_BASE,1200.00,ARS
CH-P2-000017-2,LIQ-ARS-000017,EXPRESO-SUR,AGR-SCALE-ARS,REM-P2-000017-2,FLETE_BASE,1200.00,ARS
CH-FE1-000017,LIQ-ARS-000017,EXPRESO-SUR,AGR-SCALE-ARS,REM-FE1-000017,FLETE_BASE,1350.00,ARS
CH-FE2-000017,LIQ-ARS-000017,EXPRESO-SUR,AGR-SCALE-ARS,REM-FE2-000017,FLETE_BASE,1150.00,ARS
CH-FD-000017,LIQ-ARS-000017,EXPRESO-SUR,AGR-SCALE-ARS,REM-FD-000017,FLETE_BASE,750.00,ARS
CH-REV-000017,LIQ-ARS-000017,EXPRESO-SUR,AGR-SCALE-ARS,REM-REV-000017,SEGURO,200.00,ARS
CH-UND-000017,LIQ-ARS-000017,TRANSPORTISTA-DESCONOCIDO,AGR-SCALE-ARS,REM-NOEXIST-000017,FLETE_BASE,1000.00,ARS
CH-USD-OC1-000017,LIQ-USD-000017,GLOBAL-CARGO,AGR-SCALE-USD,REM-USD-OC1-000017,FLETE_MARITIMO,500.00,USD
CH-USD-OC2-000017,LIQ-USD-000017,GLOBAL-CARGO,AGR-SCALE-USD,REM-USD-OC2-000017,FLETE_MARITIMO,500.00,USD
CH-USD-PT-000017,LIQ-USD-000017,GLOBAL-CARGO,AGR-SCALE-USD,REM-USD-PT-000017,GASTOS_PUERTO,150.00,USD
CH-USD-FAIL-000017,LIQ-USD-000017,GLOBAL-CARGO,AGR-SCALE-USD,REM-USD-FAIL-000017,FLETE_MARITIMO,620.00,USD
CH-N1-000017,LIQ-ARS-000017,EXPRESO-SUR,AGR-SCALE-ARS,REM-N1-000017,FLETE_BASE,1000.00,ARS
CH-1N-BASE-000017,LIQ-ARS-000017,EXPRESO-SUR,AGR-SCALE-ARS,REM-1N-000017,FLETE_BASE,1000.00,ARS
CH-1N-SEG-000017,LIQ-ARS-000017,EXPRESO-SUR,AGR-SCALE-ARS,REM-1N-000017,SEGURO,200.00,ARS
CH-P1-000018-0,LIQ-ARS-000018,EXPRESO-SUR,AGR-SCALE-ARS,REM-P1-000018-0,FLETE_BASE,1000.00,ARS
CH-P1-000018-1,LIQ-ARS-000018,EXPRESO-SUR,AGR-SCALE-ARS,REM-P1-000018-1,FLETE_BASE,1000.00,ARS
CH-P1-000018-2,LIQ-ARS-000018,EXPRESO-SUR,AGR-SCALE-ARS,REM-P1-000018-2,FLETE_BASE,1000.00,ARS
CH-P1-000018-3,LIQ-ARS-000018,EXPRESO-SUR,AGR-SCALE-ARS,REM-P1-000018-3,FLETE_BASE,1000.00,ARS
CH-P1-000018-4,LIQ-ARS-000018,EXPRESO-SUR,AGR-SCALE-ARS,REM-P1-000018-4,FLETE_BASE,1000.00,ARS
CH-P2-000018-0,LIQ-ARS-000018,EXPRESO-SUR,AGR-SCALE-ARS,REM-P2-000018-0,FLETE_BASE,1200.00,ARS
CH-P2-000018-1,LIQ-ARS-000018,EXPRESO-SUR,AGR-SCALE-ARS,REM-P2-000018-1,FLETE_BASE,1200.00,ARS
CH-P2-000018-2,LIQ-ARS-000018,EXPRESO-SUR,AGR-SCALE-ARS,REM-P2-000018-2,FLETE_BASE,1200.00,ARS
CH-FE1-000018,LIQ-ARS-000018,EXPRESO-SUR,AGR-SCALE-ARS,REM-FE1-000018,FLETE_BASE,1350.00,ARS
CH-FE2-000018,LIQ-ARS-000018,EXPRESO-SUR,AGR-SCALE-ARS,REM-FE2-000018,FLETE_BASE,1150.00,ARS
CH-FD-000018,LIQ-ARS-000018,EXPRESO-SUR,AGR-SCALE-ARS,REM-FD-000018,FLETE_BASE,750.00,ARS
CH-REV-000018,LIQ-ARS-000018,EXPRESO-SUR,AGR-SCALE-ARS,REM-REV-000018,SEGURO,200.00,ARS
CH-UND-000018,LIQ-ARS-000018,TRANSPORTISTA-DESCONOCIDO,AGR-SCALE-ARS,REM-NOEXIST-000018,FLETE_BASE,1000.00,ARS
CH-USD-OC1-000018,LIQ-USD-000018,GLOBAL-CARGO,AGR-SCALE-USD,REM-USD-OC1-000018,FLETE_MARITIMO,500.00,USD
CH-USD-OC2-000018,LIQ-USD-000018,GLOBAL-CARGO,AGR-SCALE-USD,REM-USD-OC2-000018,FLETE_MARITIMO,500.00,USD
CH-USD-PT-000018,LIQ-USD-000018,GLOBAL-CARGO,AGR-SCALE-USD,REM-USD-PT-000018,GASTOS_PUERTO,150.00,USD
CH-USD-FAIL-000018,LIQ-USD-000018,GLOBAL-CARGO,AGR-SCALE-USD,REM-USD-FAIL-000018,FLETE_MARITIMO,620.00,USD
CH-N1-000018,LIQ-ARS-000018,EXPRESO-SUR,AGR-SCALE-ARS,REM-N1-000018,FLETE_BASE,1000.00,ARS
CH-1N-BASE-000018,LIQ-ARS-000018,EXPRESO-SUR,AGR-SCALE-ARS,REM-1N-000018,FLETE_BASE,1000.00,ARS
CH-1N-SEG-000018,LIQ-ARS-000018,EXPRESO-SUR,AGR-SCALE-ARS,REM-1N-000018,SEGURO,200.00,ARS
CH-P1-000019-0,LIQ-ARS-000019,EXPRESO-SUR,AGR-SCALE-ARS,REM-P1-000019-0,FLETE_BASE,1000.00,ARS
CH-P1-000019-1,LIQ-ARS-000019,EXPRESO-SUR,AGR-SCALE-ARS,REM-P1-000019-1,FLETE_BASE,1000.00,ARS
CH-P1-000019-2,LIQ-ARS-000019,EXPRESO-SUR,AGR-SCALE-ARS,REM-P1-000019-2,FLETE_BASE,1000.00,ARS
CH-P1-000019-3,LIQ-ARS-000019,EXPRESO-SUR,AGR-SCALE-ARS,REM-P1-000019-3,FLETE_BASE,1000.00,ARS
CH-P1-000019-4,LIQ-ARS-000019,EXPRESO-SUR,AGR-SCALE-ARS,REM-P1-000019-4,FLETE_BASE,1000.00,ARS
CH-P2-000019-0,LIQ-ARS-000019,EXPRESO-SUR,AGR-SCALE-ARS,REM-P2-000019-0,FLETE_BASE,1200.00,ARS
CH-P2-000019-1,LIQ-ARS-000019,EXPRESO-SUR,AGR-SCALE-ARS,REM-P2-000019-1,FLETE_BASE,1200.00,ARS
CH-P2-000019-2,LIQ-ARS-000019,EXPRESO-SUR,AGR-SCALE-ARS,REM-P2-000019-2,FLETE_BASE,1200.00,ARS
CH-FE1-000019,LIQ-ARS-000019,EXPRESO-SUR,AGR-SCALE-ARS,REM-FE1-000019,FLETE_BASE,1350.00,ARS
CH-FE2-000019,LIQ-ARS-000019,EXPRESO-SUR,AGR-SCALE-ARS,REM-FE2-000019,FLETE_BASE,1150.00,ARS
CH-FD-000019,LIQ-ARS-000019,EXPRESO-SUR,AGR-SCALE-ARS,REM-FD-000019,FLETE_BASE,750.00,ARS
CH-REV-000019,LIQ-ARS-000019,EXPRESO-SUR,AGR-SCALE-ARS,REM-REV-000019,SEGURO,200.00,ARS
CH-UND-000019,LIQ-ARS-000019,TRANSPORTISTA-DESCONOCIDO,AGR-SCALE-ARS,REM-NOEXIST-000019,FLETE_BASE,1000.00,ARS
CH-USD-OC1-000019,LIQ-USD-000019,GLOBAL-CARGO,AGR-SCALE-USD,REM-USD-OC1-000019,FLETE_MARITIMO,500.00,USD
CH-USD-OC2-000019,LIQ-USD-000019,GLOBAL-CARGO,AGR-SCALE-USD,REM-USD-OC2-000019,FLETE_MARITIMO,500.00,USD
CH-USD-PT-000019,LIQ-USD-000019,GLOBAL-CARGO,AGR-SCALE-USD,REM-USD-PT-000019,GASTOS_PUERTO,150.00,USD
CH-USD-FAIL-000019,LIQ-USD-000019,GLOBAL-CARGO,AGR-SCALE-USD,REM-USD-FAIL-000019,FLETE_MARITIMO,620.00,USD
CH-N1-000019,LIQ-ARS-000019,EXPRESO-SUR,AGR-SCALE-ARS,REM-N1-000019,FLETE_BASE,1000.00,ARS
CH-1N-BASE-000019,LIQ-ARS-000019,EXPRESO-SUR,AGR-SCALE-ARS,REM-1N-000019,FLETE_BASE,1000.00,ARS
CH-1N-SEG-000019,LIQ-ARS-000019,EXPRESO-SUR,AGR-SCALE-ARS,REM-1N-000019,SEGURO,200.00,ARS
CH-P1-000020-0,LIQ-ARS-000020,EXPRESO-SUR,AGR-SCALE-ARS,REM-P1-000020-0,FLETE_BASE,1000.00,ARS
CH-P1-000020-1,LIQ-ARS-000020,EXPRESO-SUR,AGR-SCALE-ARS,REM-P1-000020-1,FLETE_BASE,1000.00,ARS
CH-P1-000020-2,LIQ-ARS-000020,EXPRESO-SUR,AGR-SCALE-ARS,REM-P1-000020-2,FLETE_BASE,1000.00,ARS
CH-P1-000020-3,LIQ-ARS-000020,EXPRESO-SUR,AGR-SCALE-ARS,REM-P1-000020-3,FLETE_BASE,1000.00,ARS
CH-P1-000020-4,LIQ-ARS-000020,EXPRESO-SUR,AGR-SCALE-ARS,REM-P1-000020-4,FLETE_BASE,1000.00,ARS
CH-P2-000020-0,LIQ-ARS-000020,EXPRESO-SUR,AGR-SCALE-ARS,REM-P2-000020-0,FLETE_BASE,1200.00,ARS
CH-P2-000020-1,LIQ-ARS-000020,EXPRESO-SUR,AGR-SCALE-ARS,REM-P2-000020-1,FLETE_BASE,1200.00,ARS
CH-P2-000020-2,LIQ-ARS-000020,EXPRESO-SUR,AGR-SCALE-ARS,REM-P2-000020-2,FLETE_BASE,1200.00,ARS
CH-FE1-000020,LIQ-ARS-000020,EXPRESO-SUR,AGR-SCALE-ARS,REM-FE1-000020,FLETE_BASE,1350.00,ARS
CH-FE2-000020,LIQ-ARS-000020,EXPRESO-SUR,AGR-SCALE-ARS,REM-FE2-000020,FLETE_BASE,1150.00,ARS
CH-FD-000020,LIQ-ARS-000020,EXPRESO-SUR,AGR-SCALE-ARS,REM-FD-000020,FLETE_BASE,750.00,ARS
CH-REV-000020,LIQ-ARS-000020,EXPRESO-SUR,AGR-SCALE-ARS,REM-REV-000020,SEGURO,200.00,ARS
CH-UND-000020,LIQ-ARS-000020,TRANSPORTISTA-DESCONOCIDO,AGR-SCALE-ARS,REM-NOEXIST-000020,FLETE_BASE,1000.00,ARS
CH-USD-OC1-000020,LIQ-USD-000020,GLOBAL-CARGO,AGR-SCALE-USD,REM-USD-OC1-000020,FLETE_MARITIMO,500.00,USD
CH-USD-OC2-000020,LIQ-USD-000020,GLOBAL-CARGO,AGR-SCALE-USD,REM-USD-OC2-000020,FLETE_MARITIMO,500.00,USD
CH-USD-PT-000020,LIQ-USD-000020,GLOBAL-CARGO,AGR-SCALE-USD,REM-USD-PT-000020,GASTOS_PUERTO,150.00,USD
CH-USD-FAIL-000020,LIQ-USD-000020,GLOBAL-CARGO,AGR-SCALE-USD,REM-USD-FAIL-000020,FLETE_MARITIMO,620.00,USD
CH-N1-000020,LIQ-ARS-000020,EXPRESO-SUR,AGR-SCALE-ARS,REM-N1-000020,FLETE_BASE,1000.00,ARS
CH-1N-BASE-000020,LIQ-ARS-000020,EXPRESO-SUR,AGR-SCALE-ARS,REM-1N-000020,FLETE_BASE,1000.00,ARS
CH-1N-SEG-000020,LIQ-ARS-000020,EXPRESO-SUR,AGR-SCALE-ARS,REM-1N-000020,SEGURO,200.00,ARS
CH-P1-000021-0,LIQ-ARS-000021,EXPRESO-SUR,AGR-SCALE-ARS,REM-P1-000021-0,FLETE_BASE,1000.00,ARS
CH-P1-000021-1,LIQ-ARS-000021,EXPRESO-SUR,AGR-SCALE-ARS,REM-P1-000021-1,FLETE_BASE,1000.00,ARS
CH-P1-000021-2,LIQ-ARS-000021,EXPRESO-SUR,AGR-SCALE-ARS,REM-P1-000021-2,FLETE_BASE,1000.00,ARS
CH-P1-000021-3,LIQ-ARS-000021,EXPRESO-SUR,AGR-SCALE-ARS,REM-P1-000021-3,FLETE_BASE,1000.00,ARS
CH-P1-000021-4,LIQ-ARS-000021,EXPRESO-SUR,AGR-SCALE-ARS,REM-P1-000021-4,FLETE_BASE,1000.00,ARS
CH-P2-000021-0,LIQ-ARS-000021,EXPRESO-SUR,AGR-SCALE-ARS,REM-P2-000021-0,FLETE_BASE,1200.00,ARS
CH-P2-000021-1,LIQ-ARS-000021,EXPRESO-SUR,AGR-SCALE-ARS,REM-P2-000021-1,FLETE_BASE,1200.00,ARS
CH-P2-000021-2,LIQ-ARS-000021,EXPRESO-SUR,AGR-SCALE-ARS,REM-P2-000021-2,FLETE_BASE,1200.00,ARS
CH-FE1-000021,LIQ-ARS-000021,EXPRESO-SUR,AGR-SCALE-ARS,REM-FE1-000021,FLETE_BASE,1350.00,ARS
CH-FE2-000021,LIQ-ARS-000021,EXPRESO-SUR,AGR-SCALE-ARS,REM-FE2-000021,FLETE_BASE,1150.00,ARS
CH-FD-000021,LIQ-ARS-000021,EXPRESO-SUR,AGR-SCALE-ARS,REM-FD-000021,FLETE_BASE,750.00,ARS
CH-REV-000021,LIQ-ARS-000021,EXPRESO-SUR,AGR-SCALE-ARS,REM-REV-000021,SEGURO,200.00,ARS
CH-UND-000021,LIQ-ARS-000021,TRANSPORTISTA-DESCONOCIDO,AGR-SCALE-ARS,REM-NOEXIST-000021,FLETE_BASE,1000.00,ARS
CH-USD-OC1-000021,LIQ-USD-000021,GLOBAL-CARGO,AGR-SCALE-USD,REM-USD-OC1-000021,FLETE_MARITIMO,500.00,USD
CH-USD-OC2-000021,LIQ-USD-000021,GLOBAL-CARGO,AGR-SCALE-USD,REM-USD-OC2-000021,FLETE_MARITIMO,500.00,USD
CH-USD-PT-000021,LIQ-USD-000021,GLOBAL-CARGO,AGR-SCALE-USD,REM-USD-PT-000021,GASTOS_PUERTO,150.00,USD
CH-USD-FAIL-000021,LIQ-USD-000021,GLOBAL-CARGO,AGR-SCALE-USD,REM-USD-FAIL-000021,FLETE_MARITIMO,620.00,USD
CH-N1-000021,LIQ-ARS-000021,EXPRESO-SUR,AGR-SCALE-ARS,REM-N1-000021,FLETE_BASE,1000.00,ARS
CH-1N-BASE-000021,LIQ-ARS-000021,EXPRESO-SUR,AGR-SCALE-ARS,REM-1N-000021,FLETE_BASE,1000.00,ARS
CH-1N-SEG-000021,LIQ-ARS-000021,EXPRESO-SUR,AGR-SCALE-ARS,REM-1N-000021,SEGURO,200.00,ARS
CH-P1-000022-0,LIQ-ARS-000022,EXPRESO-SUR,AGR-SCALE-ARS,REM-P1-000022-0,FLETE_BASE,1000.00,ARS
CH-P1-000022-1,LIQ-ARS-000022,EXPRESO-SUR,AGR-SCALE-ARS,REM-P1-000022-1,FLETE_BASE,1000.00,ARS
CH-P1-000022-2,LIQ-ARS-000022,EXPRESO-SUR,AGR-SCALE-ARS,REM-P1-000022-2,FLETE_BASE,1000.00,ARS
CH-P1-000022-3,LIQ-ARS-000022,EXPRESO-SUR,AGR-SCALE-ARS,REM-P1-000022-3,FLETE_BASE,1000.00,ARS
CH-P1-000022-4,LIQ-ARS-000022,EXPRESO-SUR,AGR-SCALE-ARS,REM-P1-000022-4,FLETE_BASE,1000.00,ARS
CH-P2-000022-0,LIQ-ARS-000022,EXPRESO-SUR,AGR-SCALE-ARS,REM-P2-000022-0,FLETE_BASE,1200.00,ARS
CH-P2-000022-1,LIQ-ARS-000022,EXPRESO-SUR,AGR-SCALE-ARS,REM-P2-000022-1,FLETE_BASE,1200.00,ARS
CH-P2-000022-2,LIQ-ARS-000022,EXPRESO-SUR,AGR-SCALE-ARS,REM-P2-000022-2,FLETE_BASE,1200.00,ARS
CH-FE1-000022,LIQ-ARS-000022,EXPRESO-SUR,AGR-SCALE-ARS,REM-FE1-000022,FLETE_BASE,1350.00,ARS
CH-FE2-000022,LIQ-ARS-000022,EXPRESO-SUR,AGR-SCALE-ARS,REM-FE2-000022,FLETE_BASE,1150.00,ARS
CH-FD-000022,LIQ-ARS-000022,EXPRESO-SUR,AGR-SCALE-ARS,REM-FD-000022,FLETE_BASE,750.00,ARS
CH-REV-000022,LIQ-ARS-000022,EXPRESO-SUR,AGR-SCALE-ARS,REM-REV-000022,SEGURO,200.00,ARS
CH-UND-000022,LIQ-ARS-000022,TRANSPORTISTA-DESCONOCIDO,AGR-SCALE-ARS,REM-NOEXIST-000022,FLETE_BASE,1000.00,ARS
CH-USD-OC1-000022,LIQ-USD-000022,GLOBAL-CARGO,AGR-SCALE-USD,REM-USD-OC1-000022,FLETE_MARITIMO,500.00,USD
CH-USD-OC2-000022,LIQ-USD-000022,GLOBAL-CARGO,AGR-SCALE-USD,REM-USD-OC2-000022,FLETE_MARITIMO,500.00,USD
CH-USD-PT-000022,LIQ-USD-000022,GLOBAL-CARGO,AGR-SCALE-USD,REM-USD-PT-000022,GASTOS_PUERTO,150.00,USD
CH-USD-FAIL-000022,LIQ-USD-000022,GLOBAL-CARGO,AGR-SCALE-USD,REM-USD-FAIL-000022,FLETE_MARITIMO,620.00,USD
CH-N1-000022,LIQ-ARS-000022,EXPRESO-SUR,AGR-SCALE-ARS,REM-N1-000022,FLETE_BASE,1000.00,ARS
CH-1N-BASE-000022,LIQ-ARS-000022,EXPRESO-SUR,AGR-SCALE-ARS,REM-1N-000022,FLETE_BASE,1000.00,ARS
CH-1N-SEG-000022,LIQ-ARS-000022,EXPRESO-SUR,AGR-SCALE-ARS,REM-1N-000022,SEGURO,200.00,ARS
CH-P1-000023-0,LIQ-ARS-000023,EXPRESO-SUR,AGR-SCALE-ARS,REM-P1-000023-0,FLETE_BASE,1000.00,ARS
CH-P1-000023-1,LIQ-ARS-000023,EXPRESO-SUR,AGR-SCALE-ARS,REM-P1-000023-1,FLETE_BASE,1000.00,ARS
CH-P1-000023-2,LIQ-ARS-000023,EXPRESO-SUR,AGR-SCALE-ARS,REM-P1-000023-2,FLETE_BASE,1000.00,ARS
CH-P1-000023-3,LIQ-ARS-000023,EXPRESO-SUR,AGR-SCALE-ARS,REM-P1-000023-3,FLETE_BASE,1000.00,ARS
CH-P1-000023-4,LIQ-ARS-000023,EXPRESO-SUR,AGR-SCALE-ARS,REM-P1-000023-4,FLETE_BASE,1000.00,ARS
CH-P2-000023-0,LIQ-ARS-000023,EXPRESO-SUR,AGR-SCALE-ARS,REM-P2-000023-0,FLETE_BASE,1200.00,ARS
CH-P2-000023-1,LIQ-ARS-000023,EXPRESO-SUR,AGR-SCALE-ARS,REM-P2-000023-1,FLETE_BASE,1200.00,ARS
CH-P2-000023-2,LIQ-ARS-000023,EXPRESO-SUR,AGR-SCALE-ARS,REM-P2-000023-2,FLETE_BASE,1200.00,ARS
CH-FE1-000023,LIQ-ARS-000023,EXPRESO-SUR,AGR-SCALE-ARS,REM-FE1-000023,FLETE_BASE,1350.00,ARS
CH-FE2-000023,LIQ-ARS-000023,EXPRESO-SUR,AGR-SCALE-ARS,REM-FE2-000023,FLETE_BASE,1150.00,ARS
CH-FD-000023,LIQ-ARS-000023,EXPRESO-SUR,AGR-SCALE-ARS,REM-FD-000023,FLETE_BASE,750.00,ARS
CH-REV-000023,LIQ-ARS-000023,EXPRESO-SUR,AGR-SCALE-ARS,REM-REV-000023,SEGURO,200.00,ARS
CH-UND-000023,LIQ-ARS-000023,TRANSPORTISTA-DESCONOCIDO,AGR-SCALE-ARS,REM-NOEXIST-000023,FLETE_BASE,1000.00,ARS
CH-USD-OC1-000023,LIQ-USD-000023,GLOBAL-CARGO,AGR-SCALE-USD,REM-USD-OC1-000023,FLETE_MARITIMO,500.00,USD
CH-USD-OC2-000023,LIQ-USD-000023,GLOBAL-CARGO,AGR-SCALE-USD,REM-USD-OC2-000023,FLETE_MARITIMO,500.00,USD
CH-USD-PT-000023,LIQ-USD-000023,GLOBAL-CARGO,AGR-SCALE-USD,REM-USD-PT-000023,GASTOS_PUERTO,150.00,USD
CH-USD-FAIL-000023,LIQ-USD-000023,GLOBAL-CARGO,AGR-SCALE-USD,REM-USD-FAIL-000023,FLETE_MARITIMO,620.00,USD
CH-N1-000023,LIQ-ARS-000023,EXPRESO-SUR,AGR-SCALE-ARS,REM-N1-000023,FLETE_BASE,1000.00,ARS
CH-1N-BASE-000023,LIQ-ARS-000023,EXPRESO-SUR,AGR-SCALE-ARS,REM-1N-000023,FLETE_BASE,1000.00,ARS
CH-1N-SEG-000023,LIQ-ARS-000023,EXPRESO-SUR,AGR-SCALE-ARS,REM-1N-000023,SEGURO,200.00,ARS
CH-P1-000024-0,LIQ-ARS-000024,EXPRESO-SUR,AGR-SCALE-ARS,REM-P1-000024-0,FLETE_BASE,1000.00,ARS
CH-P1-000024-1,LIQ-ARS-000024,EXPRESO-SUR,AGR-SCALE-ARS,REM-P1-000024-1,FLETE_BASE,1000.00,ARS
CH-P1-000024-2,LIQ-ARS-000024,EXPRESO-SUR,AGR-SCALE-ARS,REM-P1-000024-2,FLETE_BASE,1000.00,ARS
CH-P1-000024-3,LIQ-ARS-000024,EXPRESO-SUR,AGR-SCALE-ARS,REM-P1-000024-3,FLETE_BASE,1000.00,ARS
CH-P1-000024-4,LIQ-ARS-000024,EXPRESO-SUR,AGR-SCALE-ARS,REM-P1-000024-4,FLETE_BASE,1000.00,ARS
CH-P2-000024-0,LIQ-ARS-000024,EXPRESO-SUR,AGR-SCALE-ARS,REM-P2-000024-0,FLETE_BASE,1200.00,ARS
CH-P2-000024-1,LIQ-ARS-000024,EXPRESO-SUR,AGR-SCALE-ARS,REM-P2-000024-1,FLETE_BASE,1200.00,ARS
CH-P2-000024-2,LIQ-ARS-000024,EXPRESO-SUR,AGR-SCALE-ARS,REM-P2-000024-2,FLETE_BASE,1200.00,ARS
CH-FE1-000024,LIQ-ARS-000024,EXPRESO-SUR,AGR-SCALE-ARS,REM-FE1-000024,FLETE_BASE,1350.00,ARS
CH-FE2-000024,LIQ-ARS-000024,EXPRESO-SUR,AGR-SCALE-ARS,REM-FE2-000024,FLETE_BASE,1150.00,ARS
CH-FD-000024,LIQ-ARS-000024,EXPRESO-SUR,AGR-SCALE-ARS,REM-FD-000024,FLETE_BASE,750.00,ARS
CH-REV-000024,LIQ-ARS-000024,EXPRESO-SUR,AGR-SCALE-ARS,REM-REV-000024,SEGURO,200.00,ARS
CH-UND-000024,LIQ-ARS-000024,TRANSPORTISTA-DESCONOCIDO,AGR-SCALE-ARS,REM-NOEXIST-000024,FLETE_BASE,1000.00,ARS
CH-USD-OC1-000024,LIQ-USD-000024,GLOBAL-CARGO,AGR-SCALE-USD,REM-USD-OC1-000024,FLETE_MARITIMO,500.00,USD
CH-USD-OC2-000024,LIQ-USD-000024,GLOBAL-CARGO,AGR-SCALE-USD,REM-USD-OC2-000024,FLETE_MARITIMO,500.00,USD
CH-USD-PT-000024,LIQ-USD-000024,GLOBAL-CARGO,AGR-SCALE-USD,REM-USD-PT-000024,GASTOS_PUERTO,150.00,USD
CH-USD-FAIL-000024,LIQ-USD-000024,GLOBAL-CARGO,AGR-SCALE-USD,REM-USD-FAIL-000024,FLETE_MARITIMO,620.00,USD
CH-N1-000024,LIQ-ARS-000024,EXPRESO-SUR,AGR-SCALE-ARS,REM-N1-000024,FLETE_BASE,1000.00,ARS
CH-1N-BASE-000024,LIQ-ARS-000024,EXPRESO-SUR,AGR-SCALE-ARS,REM-1N-000024,FLETE_BASE,1000.00,ARS
CH-1N-SEG-000024,LIQ-ARS-000024,EXPRESO-SUR,AGR-SCALE-ARS,REM-1N-000024,SEGURO,200.00,ARS
