id_remito,transportista,referencia,fecha
SH-P1-000000-0,EXPRESO-SUR,REM-P1-000000-0,2026-03-15
SH-P1-000000-1,EXPRESO-SUR,REM-P1-000000-1,2026-03-15
SH-P1-000000-2,EXPRESO-SUR,REM-P1-000000-2,2026-03-15
SH-P1-000000-3,EXPRESO-SUR,REM-P1-000000-3,2026-03-15
SH-P1-000000-4,EXPRESO-SUR,REM-P1-000000-4,2026-03-15
SH-P2-000000-0,EXPRESO-SUR,REM-P2-000000-0,2026-08-10
SH-P2-000000-1,EXPRESO-SUR,REM-P2-000000-1,2026-08-10
SH-P2-000000-2,EXPRESO-SUR,REM-P2-000000-2,2026-08-10
SH-FE1-000000,EXPRESO-SUR,REM-FE1-000000,2026-03-20
SH-FE2-000000,EXPRESO-SUR,REM-FE2-000000,2026-03-21
SH-FD-000000,EXPRESO-SUR,REM-FD-000000,2026-03-22
SH-REV-000000,EXPRESO-SUR,REM-REV-000000,2026-03-23
SH-USD-OC1-000000,GLOBAL-CARGO,REM-USD-OC1-000000,2026-04-01
SH-USD-OC2-000000,GLOBAL-CARGO,REM-USD-OC2-000000,2026-04-02
SH-USD-PT-000000,GLOBAL-CARGO,REM-USD-PT-000000,2026-04-03
SH-USD-FAIL-000000,GLOBAL-CARGO,REM-USD-FAIL-000000,2026-04-04
SH-N1-A-000000,EXPRESO-SUR,REM-N1-000000,2026-03-25
SH-N1-B-000000,EXPRESO-SUR,REM-N1-000000,2026-03-25
SH-1N-000000,EXPRESO-SUR,REM-1N-000000,2026-03-26
SH-P1-000001-0,EXPRESO-SUR,REM-P1-000001-0,2026-03-15
SH-P1-000001-1,EXPRESO-SUR,REM-P1-000001-1,2026-03-15
SH-P1-000001-2,EXPRESO-SUR,REM-P1-000001-2,2026-03-15
SH-P1-000001-3,EXPRESO-SUR,REM-P1-000001-3,2026-03-15
SH-P1-000001-4,EXPRESO-SUR,REM-P1-000001-4,2026-03-15
SH-P2-000001-0,EXPRESO-SUR,REM-P2-000001-0,2026-08-10
SH-P2-000001-1,EXPRESO-SUR,REM-P2-000001-1,2026-08-10
SH-P2-000001-2,EXPRESO-SUR,REM-P2-000001-2,2026-08-10
SH-FE1-000001,EXPRESO-SUR,REM-FE1-000001,2026-03-20
SH-FE2-000001,EXPRESO-SUR,REM-FE2-000001,2026-03-21
SH-FD-000001,EXPRESO-SUR,REM-FD-000001,2026-03-22
SH-REV-000001,EXPRESO-SUR,REM-REV-000001,2026-03-23
SH-USD-OC1-000001,GLOBAL-CARGO,REM-USD-OC1-000001,2026-04-01
SH-USD-OC2-000001,GLOBAL-CARGO,REM-USD-OC2-000001,2026-04-02
SH-USD-PT-000001,GLOBAL-CARGO,REM-USD-PT-000001,2026-04-03
SH-USD-FAIL-000001,GLOBAL-CARGO,REM-USD-FAIL-000001,2026-04-04
SH-N1-A-000001,EXPRESO-SUR,REM-N1-000001,2026-03-25
SH-N1-B-000001,EXPRESO-SUR,REM-N1-000001,2026-03-25
SH-1N-000001,EXPRESO-SUR,REM-1N-000001,2026-03-26
SH-P1-000002-0,EXPRESO-SUR,REM-P1-000002-0,2026-03-15
SH-P1-000002-1,EXPRESO-SUR,REM-P1-000002-1,2026-03-15
SH-P1-000002-2,EXPRESO-SUR,REM-P1-000002-2,2026-03-15
SH-P1-000002-3,EXPRESO-SUR,REM-P1-000002-3,2026-03-15
SH-P1-000002-4,EXPRESO-SUR,REM-P1-000002-4,2026-03-15
SH-P2-000002-0,EXPRESO-SUR,REM-P2-000002-0,2026-08-10
SH-P2-000002-1,EXPRESO-SUR,REM-P2-000002-1,2026-08-10
SH-P2-000002-2,EXPRESO-SUR,REM-P2-000002-2,2026-08-10
SH-FE1-000002,EXPRESO-SUR,REM-FE1-000002,2026-03-20
SH-FE2-000002,EXPRESO-SUR,REM-FE2-000002,2026-03-21
SH-FD-000002,EXPRESO-SUR,REM-FD-000002,2026-03-22
SH-REV-000002,EXPRESO-SUR,REM-REV-000002,2026-03-23
SH-USD-OC1-000002,GLOBAL-CARGO,REM-USD-OC1-000002,2026-04-01
SH-USD-OC2-000002,GLOBAL-CARGO,REM-USD-OC2-000002,2026-04-02
SH-USD-PT-000002,GLOBAL-CARGO,REM-USD-PT-000002,2026-04-03
SH-USD-FAIL-000002,GLOBAL-CARGO,REM-USD-FAIL-000002,2026-04-04
SH-N1-A-000002,EXPRESO-SUR,REM-N1-000002,2026-03-25
SH-N1-B-000002,EXPRESO-SUR,REM-N1-000002,2026-03-25
SH-1N-000002,EXPRESO-SUR,REM-1N-000002,2026-03-26
SH-P1-000003-0,EXPRESO-SUR,REM-P1-000003-0,2026-03-15
SH-P1-000003-1,EXPRESO-SUR,REM-P1-000003-1,2026-03-15
SH-P1-000003-2,EXPRESO-SUR,REM-P1-000003-2,2026-03-15
SH-P1-000003-3,EXPRESO-SUR,REM-P1-000003-3,2026-03-15
SH-P1-000003-4,EXPRESO-SUR,REM-P1-000003-4,2026-03-15
SH-P2-000003-0,EXPRESO-SUR,REM-P2-000003-0,2026-08-10
SH-P2-000003-1,EXPRESO-SUR,REM-P2-000003-1,2026-08-10
SH-P2-000003-2,EXPRESO-SUR,REM-P2-000003-2,2026-08-10
SH-FE1-000003,EXPRESO-SUR,REM-FE1-000003,2026-03-20
SH-FE2-000003,EXPRESO-SUR,REM-FE2-000003,2026-03-21
SH-FD-000003,EXPRESO-SUR,REM-FD-000003,2026-03-22
SH-REV-000003,EXPRESO-SUR,REM-REV-000003,2026-03-23
SH-USD-OC1-000003,GLOBAL-CARGO,REM-USD-OC1-000003,2026-04-01
SH-USD-OC2-000003,GLOBAL-CARGO,REM-USD-OC2-000003,2026-04-02
SH-USD-PT-000003,GLOBAL-CARGO,REM-USD-PT-000003,2026-04-03
SH-USD-FAIL-000003,GLOBAL-CARGO,REM-USD-FAIL-000003,2026-04-04
SH-N1-A-000003,EXPRESO-SUR,REM-N1-000003,2026-03-25
SH-N1-B-000003,EXPRESO-SUR,REM-N1-000003,2026-03-25
SH-1N-000003,EXPRESO-SUR,REM-1N-000003,2026-03-26
SH-P1-000004-0,EXPRESO-SUR,REM-P1-000004-0,2026-03-15
SH-P1-000004-1,EXPRESO-SUR,REM-P1-000004-1,2026-03-15
SH-P1-000004-2,EXPRESO-SUR,REM-P1-000004-2,2026-03-15
SH-P1-000004-3,EXPRESO-SUR,REM-P1-000004-3,2026-03-15
SH-P1-000004-4,EXPRESO-SUR,REM-P1-000004-4,2026-03-15
SH-P2-000004-0,EXPRESO-SUR,REM-P2-000004-0,2026-08-10
SH-P2-000004-1,EXPRESO-SUR,REM-P2-000004-1,2026-08-10
SH-P2-000004-2,EXPRESO-SUR,REM-P2-000004-2,2026-08-10
SH-FE1-000004,EXPRESO-SUR,REM-FE1-000004,2026-03-20
SH-FE2-000004,EXPRESO-SUR,REM-FE2-000004,2026-03-21
SH-FD-000004,EXPRESO-SUR,REM-FD-000004,2026-03-22
SH-REV-000004,EXPRESO-SUR,REM-REV-000004,2026-03-23
SH-USD-OC1-000004,GLOBAL-CARGO,REM-USD-OC1-000004,2026-04-01
SH-USD-OC2-000004,GLOBAL-CARGO,REM-USD-OC2-000004,2026-04-02
SH-USD-PT-000004,GLOBAL-CARGO,REM-USD-PT-000004,2026-04-03
SH-USD-FAIL-000004,GLOBAL-CARGO,REM-USD-FAIL-000004,2026-04-04
SH-N1-A-000004,EXPRESO-SUR,REM-N1-000004,2026-03-25
SH-N1-B-000004,EXPRESO-SUR,REM-N1-000004,2026-03-25
SH-1N-000004,EXPRESO-SUR,REM-1N-000004,2026-03-26
SH-P1-000005-0,EXPRESO-SUR,REM-P1-000005-0,2026-03-15
SH-P1-000005-1,EXPRESO-SUR,REM-P1-000005-1,2026-03-15
SH-P1-000005-2,EXPRESO-SUR,REM-P1-000005-2,2026-03-15
SH-P1-000005-3,EXPRESO-SUR,REM-P1-000005-3,2026-03-15
SH-P1-000005-4,EXPRESO-SUR,REM-P1-000005-4,2026-03-15
SH-P2-000005-0,EXPRESO-SUR,REM-P2-000005-0,2026-08-10
SH-P2-000005-1,EXPRESO-SUR,REM-P2-000005-1,2026-08-10
SH-P2-000005-2,EXPRESO-SUR,REM-P2-000005-2,2026-08-10
SH-FE1-000005,EXPRESO-SUR,REM-FE1-000005,2026-03-20
SH-FE2-000005,EXPRESO-SUR,REM-FE2-000005,2026-03-21
SH-FD-000005,EXPRESO-SUR,REM-FD-000005,2026-03-22
SH-REV-000005,EXPRESO-SUR,REM-REV-000005,2026-03-23
SH-USD-OC1-000005,GLOBAL-CARGO,REM-USD-OC1-000005,2026-04-01
SH-USD-OC2-000005,GLOBAL-CARGO,REM-USD-OC2-000005,2026-04-02
SH-USD-PT-000005,GLOBAL-CARGO,REM-USD-PT-000005,2026-04-03
SH-USD-FAIL-000005,GLOBAL-CARGO,REM-USD-FAIL-000005,2026-04-04
SH-N1-A-000005,EXPRESO-SUR,REM-N1-000005,2026-03-25
SH-N1-B-000005,EXPRESO-SUR,REM-N1-000005,2026-03-25
SH-1N-000005,EXPRESO-SUR,REM-1N-000005,2026-03-26
SH-P1-000006-0,EXPRESO-SUR,REM-P1-000006-0,2026-03-15
SH-P1-000006-1,EXPRESO-SUR,REM-P1-000006-1,2026-03-15
SH-P1-000006-2,EXPRESO-SUR,REM-P1-000006-2,2026-03-15
SH-P1-000006-3,EXPRESO-SUR,REM-P1-000006-3,2026-03-15
SH-P1-000006-4,EXPRESO-SUR,REM-P1-000006-4,2026-03-15
SH-P2-000006-0,EXPRESO-SUR,REM-P2-000006-0,2026-08-10
SH-P2-000006-1,EXPRESO-SUR,REM-P2-000006-1,2026-08-10
SH-P2-000006-2,EXPRESO-SUR,REM-P2-000006-2,2026-08-10
SH-FE1-000006,EXPRESO-SUR,REM-FE1-000006,2026-03-20
SH-FE2-000006,EXPRESO-SUR,REM-FE2-000006,2026-03-21
SH-FD-000006,EXPRESO-SUR,REM-FD-000006,2026-03-22
SH-REV-000006,EXPRESO-SUR,REM-REV-000006,2026-03-23
SH-USD-OC1-000006,GLOBAL-CARGO,REM-USD-OC1-000006,2026-04-01
SH-USD-OC2-000006,GLOBAL-CARGO,REM-USD-OC2-000006,2026-04-02
SH-USD-PT-000006,GLOBAL-CARGO,REM-USD-PT-000006,2026-04-03
SH-USD-FAIL-000006,GLOBAL-CARGO,REM-USD-FAIL-000006,2026-04-04
SH-N1-A-000006,EXPRESO-SUR,REM-N1-000006,2026-03-25
SH-N1-B-000006,EXPRESO-SUR,REM-N1-000006,2026-03-25
SH-1N-000006,EXPRESO-SUR,REM-1N-000006,2026-03-26
SH-P1-000007-0,EXPRESO-SUR,REM-P1-000007-0,2026-03-15
SH-P1-000007-1,EXPRESO-SUR,REM-P1-000007-1,2026-03-15
SH-P1-000007-2,EXPRESO-SUR,REM-P1-000007-2,2026-03-15
SH-P1-000007-3,EXPRESO-SUR,REM-P1-000007-3,2026-03-15
SH-P1-000007-4,EXPRESO-SUR,REM-P1-000007-4,2026-03-15
SH-P2-000007-0,EXPRESO-SUR,REM-P2-000007-0,2026-08-10
SH-P2-000007-1,EXPRESO-SUR,REM-P2-000007-1,2026-08-10
SH-P2-000007-2,EXPRESO-SUR,REM-P2-000007-2,2026-08-10
SH-FE1-000007,EXPRESO-SUR,REM-FE1-000007,2026-03-20
SH-FE2-000007,EXPRESO-SUR,REM-FE2-000007,2026-03-21
SH-FD-000007,EXPRESO-SUR,REM-FD-000007,2026-03-22
SH-REV-000007,EXPRESO-SUR,REM-REV-000007,2026-03-23
SH-USD-OC1-000007,GLOBAL-CARGO,REM-USD-OC1-000007,2026-04-01
SH-USD-OC2-000007,GLOBAL-CARGO,REM-USD-OC2-000007,2026-04-02
SH-USD-PT-000007,GLOBAL-CARGO,REM-USD-PT-000007,2026-04-03
SH-USD-FAIL-000007,GLOBAL-CARGO,REM-USD-FAIL-000007,2026-04-04
SH-N1-A-000007,EXPRESO-SUR,REM-N1-000007,2026-03-25
SH-N1-B-000007,EXPRESO-SUR,REM-N1-000007,2026-03-25
SH-1N-000007,EXPRESO-SUR,REM-1N-000007,2026-03-26
SH-P1-000008-0,EXPRESO-SUR,REM-P1-000008-0,2026-03-15
SH-P1-000008-1,EXPRESO-SUR,REM-P1-000008-1,2026-03-15
SH-P1-000008-2,EXPRESO-SUR,REM-P1-000008-2,2026-03-15
SH-P1-000008-3,EXPRESO-SUR,REM-P1-000008-3,2026-03-15
SH-P1-000008-4,EXPRESO-SUR,REM-P1-000008-4,2026-03-15
SH-P2-000008-0,EXPRESO-SUR,REM-P2-000008-0,2026-08-10
SH-P2-000008-1,EXPRESO-SUR,REM-P2-000008-1,2026-08-10
SH-P2-000008-2,EXPRESO-SUR,REM-P2-000008-2,2026-08-10
SH-FE1-000008,EXPRESO-SUR,REM-FE1-000008,2026-03-20
SH-FE2-000008,EXPRESO-SUR,REM-FE2-000008,2026-03-21
SH-FD-000008,EXPRESO-SUR,REM-FD-000008,2026-03-22
SH-REV-000008,EXPRESO-SUR,REM-REV-000008,2026-03-23
SH-USD-OC1-000008,GLOBAL-CARGO,REM-USD-OC1-000008,2026-04-01
SH-USD-OC2-000008,GLOBAL-CARGO,REM-USD-OC2-000008,2026-04-02
SH-USD-PT-000008,GLOBAL-CARGO,REM-USD-PT-000008,2026-04-03
SH-USD-FAIL-000008,GLOBAL-CARGO,REM-USD-FAIL-000008,2026-04-04
SH-N1-A-000008,EXPRESO-SUR,REM-N1-000008,2026-03-25
SH-N1-B-000008,EXPRESO-SUR,REM-N1-000008,2026-03-25
SH-1N-000008,EXPRESO-SUR,REM-1N-000008,2026-03-26
SH-P1-000009-0,EXPRESO-SUR,REM-P1-000009-0,2026-03-15
SH-P1-000009-1,EXPRESO-SUR,REM-P1-000009-1,2026-03-15
SH-P1-000009-2,EXPRESO-SUR,REM-P1-000009-2,2026-03-15
SH-P1-000009-3,EXPRESO-SUR,REM-P1-000009-3,2026-03-15
SH-P1-000009-4,EXPRESO-SUR,REM-P1-000009-4,2026-03-15
SH-P2-000009-0,EXPRESO-SUR,REM-P2-000009-0,2026-08-10
SH-P2-000009-1,EXPRESO-SUR,REM-P2-000009-1,2026-08-10
SH-P2-000009-2,EXPRESO-SUR,REM-P2-000009-2,2026-08-10
SH-FE1-000009,EXPRESO-SUR,REM-FE1-000009,2026-03-20
SH-FE2-000009,EXPRESO-SUR,REM-FE2-000009,2026-03-21
SH-FD-000009,EXPRESO-SUR,REM-FD-000009,2026-03-22
SH-REV-000009,EXPRESO-SUR,REM-REV-000009,2026-03-23
SH-USD-OC1-000009,GLOBAL-CARGO,REM-USD-OC1-000009,2026-04-01
SH-USD-OC2-000009,GLOBAL-CARGO,REM-USD-OC2-000009,2026-04-02
SH-USD-PT-000009,GLOBAL-CARGO,REM-USD-PT-000009,2026-04-03
SH-USD-FAIL-000009,GLOBAL-CARGO,REM-USD-FAIL-000009,2026-04-04
SH-N1-A-000009,EXPRESO-SUR,REM-N1-000009,2026-03-25
SH-N1-B-000009,EXPRESO-SUR,REM-N1-000009,2026-03-25
SH-1N-000009,EXPRESO-SUR,REM-1N-000009,2026-03-26
SH-P1-000010-0,EXPRESO-SUR,REM-P1-000010-0,2026-03-15
SH-P1-000010-1,EXPRESO-SUR,REM-P1-000010-1,2026-03-15
SH-P1-000010-2,EXPRESO-SUR,REM-P1-000010-2,2026-03-15
SH-P1-000010-3,EXPRESO-SUR,REM-P1-000010-3,2026-03-15
SH-P1-000010-4,EXPRESO-SUR,REM-P1-000010-4,2026-03-15
SH-P2-000010-0,EXPRESO-SUR,REM-P2-000010-0,2026-08-10
SH-P2-000010-1,EXPRESO-SUR,REM-P2-000010-1,2026-08-10
SH-P2-000010-2,EXPRESO-SUR,REM-P2-000010-2,2026-08-10
SH-FE1-000010,EXPRESO-SUR,REM-FE1-000010,2026-03-20
SH-FE2-000010,EXPRESO-SUR,REM-FE2-000010,2026-03-21
SH-FD-000010,EXPRESO-SUR,REM-FD-000010,2026-03-22
SH-REV-000010,EXPRESO-SUR,REM-REV-000010,2026-03-23
SH-USD-OC1-000010,GLOBAL-CARGO,REM-USD-OC1-000010,2026-04-01
SH-USD-OC2-000010,GLOBAL-CARGO,REM-USD-OC2-000010,2026-04-02
SH-USD-PT-000010,GLOBAL-CARGO,REM-USD-PT-000010,2026-04-03
SH-USD-FAIL-000010,GLOBAL-CARGO,REM-USD-FAIL-000010,2026-04-04
SH-N1-A-000010,EXPRESO-SUR,REM-N1-000010,2026-03-25
SH-N1-B-000010,EXPRESO-SUR,REM-N1-000010,2026-03-25
SH-1N-000010,EXPRESO-SUR,REM-1N-000010,2026-03-26
SH-P1-000011-0,EXPRESO-SUR,REM-P1-000011-0,2026-03-15
SH-P1-000011-1,EXPRESO-SUR,REM-P1-000011-1,2026-03-15
SH-P1-000011-2,EXPRESO-SUR,REM-P1-000011-2,2026-03-15
SH-P1-000011-3,EXPRESO-SUR,REM-P1-000011-3,2026-03-15
SH-P1-000011-4,EXPRESO-SUR,REM-P1-000011-4,2026-03-15
SH-P2-000011-0,EXPRESO-SUR,REM-P2-000011-0,2026-08-10
SH-P2-000011-1,EXPRESO-SUR,REM-P2-000011-1,2026-08-10
SH-P2-000011-2,EXPRESO-SUR,REM-P2-000011-2,2026-08-10
SH-FE1-000011,EXPRESO-SUR,REM-FE1-000011,2026-03-20
SH-FE2-000011,EXPRESO-SUR,REM-FE2-000011,2026-03-21
SH-FD-000011,EXPRESO-SUR,REM-FD-000011,2026-03-22
SH-REV-000011,EXPRESO-SUR,REM-REV-000011,2026-03-23
SH-USD-OC1-000011,GLOBAL-CARGO,REM-USD-OC1-000011,2026-04-01
SH-USD-OC2-000011,GLOBAL-CARGO,REM-USD-OC2-000011,2026-04-02
SH-USD-PT-000011,GLOBAL-CARGO,REM-USD-PT-000011,2026-04-03
SH-USD-FAIL-000011,GLOBAL-CARGO,REM-USD-FAIL-000011,2026-04-04
SH-N1-A-000011,EXPRESO-SUR,REM-N1-000011,2026-03-25
SH-N1-B-000011,EXPRESO-SUR,REM-N1-000011,2026-03-25
SH-1N-000011,EXPRESO-SUR,REM-1N-000011,2026-03-26
SH-P1-000012-0,EXPRESO-SUR,REM-P1-000012-0,2026-03-15
SH-P1-000012-1,EXPRESO-SUR,REM-P1-000012-1,2026-03-15
SH-P1-000012-2,EXPRESO-SUR,REM-P1-000012-2,2026-03-15
SH-P1-000012-3,EXPRESO-SUR,REM-P1-000012-3,2026-03-15
SH-P1-000012-4,EXPRESO-SUR,REM-P1-000012-4,2026-03-15
SH-P2-000012-0,EXPRESO-SUR,REM-P2-000012-0,2026-08-10
SH-P2-000012-1,EXPRESO-SUR,REM-P2-000012-1,2026-08-10
SH-P2-000012-2,EXPRESO-SUR,REM-P2-000012-2,2026-08-10
SH-FE1-000012,EXPRESO-SUR,REM-FE1-000012,2026-03-20
SH-FE2-000012,EXPRESO-SUR,REM-FE2-000012,2026-03-21
SH-FD-000012,EXPRESO-SUR,REM-FD-000012,2026-03-22
SH-REV-000012,EXPRESO-SUR,REM-REV-000012,2026-03-23
SH-USD-OC1-000012,GLOBAL-CARGO,REM-USD-OC1-000012,2026-04-01
SH-USD-OC2-000012,GLOBAL-CARGO,REM-USD-OC2-000012,2026-04-02
SH-USD-PT-000012,GLOBAL-CARGO,REM-USD-PT-000012,2026-04-03
SH-USD-FAIL-000012,GLOBAL-CARGO,REM-USD-FAIL-000012,2026-04-04
SH-N1-A-000012,EXPRESO-SUR,REM-N1-000012,2026-03-25
SH-N1-B-000012,EXPRESO-SUR,REM-N1-000012,2026-03-25
SH-1N-000012,EXPRESO-SUR,REM-1N-000012,2026-03-26
SH-P1-000013-0,EXPRESO-SUR,REM-P1-000013-0,2026-03-15
SH-P1-000013-1,EXPRESO-SUR,REM-P1-000013-1,2026-03-15
SH-P1-000013-2,EXPRESO-SUR,REM-P1-000013-2,2026-03-15
SH-P1-000013-3,EXPRESO-SUR,REM-P1-000013-3,2026-03-15
SH-P1-000013-4,EXPRESO-SUR,REM-P1-000013-4,2026-03-15
SH-P2-000013-0,EXPRESO-SUR,REM-P2-000013-0,2026-08-10
SH-P2-000013-1,EXPRESO-SUR,REM-P2-000013-1,2026-08-10
SH-P2-000013-2,EXPRESO-SUR,REM-P2-000013-2,2026-08-10
SH-FE1-000013,EXPRESO-SUR,REM-FE1-000013,2026-03-20
SH-FE2-000013,EXPRESO-SUR,REM-FE2-000013,2026-03-21
SH-FD-000013,EXPRESO-SUR,REM-FD-000013,2026-03-22
SH-REV-000013,EXPRESO-SUR,REM-REV-000013,2026-03-23
SH-USD-OC1-000013,GLOBAL-CARGO,REM-USD-OC1-000013,2026-04-01
SH-USD-OC2-000013,GLOBAL-CARGO,REM-USD-OC2-000013,2026-04-02
SH-USD-PT-000013,GLOBAL-CARGO,REM-USD-PT-000013,2026-04-03
SH-USD-FAIL-000013,GLOBAL-CARGO,REM-USD-FAIL-000013,2026-04-04
SH-N1-A-000013,EXPRESO-SUR,REM-N1-000013,2026-03-25
SH-N1-B-000013,EXPRESO-SUR,REM-N1-000013,2026-03-25
SH-1N-000013,EXPRESO-SUR,REM-1N-000013,2026-03-26
SH-P1-000014-0,EXPRESO-SUR,REM-P1-000014-0,2026-03-15
SH-P1-000014-1,EXPRESO-SUR,REM-P1-000014-1,2026-03-15
SH-P1-000014-2,EXPRESO-SUR,REM-P1-000014-2,2026-03-15
SH-P1-000014-3,EXPRESO-SUR,REM-P1-000014-3,2026-03-15
SH-P1-000014-4,EXPRESO-SUR,REM-P1-000014-4,2026-03-15
SH-P2-000014-0,EXPRESO-SUR,REM-P2-000014-0,2026-08-10
SH-P2-000014-1,EXPRESO-SUR,REM-P2-000014-1,2026-08-10
SH-P2-000014-2,EXPRESO-SUR,REM-P2-000014-2,2026-08-10
SH-FE1-000014,EXPRESO-SUR,REM-FE1-000014,2026-03-20
SH-FE2-000014,EXPRESO-SUR,REM-FE2-000014,2026-03-21
SH-FD-000014,EXPRESO-SUR,REM-FD-000014,2026-03-22
SH-REV-000014,EXPRESO-SUR,REM-REV-000014,2026-03-23
SH-USD-OC1-000014,GLOBAL-CARGO,REM-USD-OC1-000014,2026-04-01
SH-USD-OC2-000014,GLOBAL-CARGO,REM-USD-OC2-000014,2026-04-02
SH-USD-PT-000014,GLOBAL-CARGO,REM-USD-PT-000014,2026-04-03
SH-USD-FAIL-000014,GLOBAL-CARGO,REM-USD-FAIL-000014,2026-04-04
SH-N1-A-000014,EXPRESO-SUR,REM-N1-000014,2026-03-25
SH-N1-B-000014,EXPRESO-SUR,REM-N1-000014,2026-03-25
SH-1N-000014,EXPRESO-SUR,REM-1N-000014,2026-03-26
SH-P1-000015-0,EXPRESO-SUR,REM-P1-000015-0,2026-03-15
SH-P1-000015-1,EXPRESO-SUR,REM-P1-000015-1,2026-03-15
SH-P1-000015-2,EXPRESO-SUR,REM-P1-000015-2,2026-03-15
SH-P1-000015-3,EXPRESO-SUR,REM-P1-000015-3,2026-03-15
SH-P1-000015-4,EXPRESO-SUR,REM-P1-000015-4,2026-03-15
SH-P2-000015-0,EXPRESO-SUR,REM-P2-000015-0,2026-08-10
SH-P2-000015-1,EXPRESO-SUR,REM-P2-000015-1,2026-08-10
SH-P2-000015-2,EXPRESO-SUR,REM-P2-000015-2,2026-08-10
SH-FE1-000015,EXPRESO-SUR,REM-FE1-000015,2026-03-20
SH-FE2-000015,EXPRESO-SUR,REM-FE2-000015,2026-03-21
SH-FD-000015,EXPRESO-SUR,REM-FD-000015,2026-03-22
SH-REV-000015,EXPRESO-SUR,REM-REV-000015,2026-03-23
SH-USD-OC1-000015,GLOBAL-CARGO,REM-USD-OC1-000015,2026-04-01
SH-USD-OC2-000015,GLOBAL-CARGO,REM-USD-OC2-000015,2026-04-02
SH-USD-PT-000015,GLOBAL-CARGO,REM-USD-PT-000015,2026-04-03
SH-USD-FAIL-000015,GLOBAL-CARGO,REM-USD-FAIL-000015,2026-04-04
SH-N1-A-000015,EXPRESO-SUR,REM-N1-000015,2026-03-25
SH-N1-B-000015,EXPRESO-SUR,REM-N1-000015,2026-03-25
SH-1N-000015,EXPRESO-SUR,REM-1N-000015,2026-03-26
SH-P1-000016-0,EXPRESO-SUR,REM-P1-000016-0,2026-03-15
SH-P1-000016-1,EXPRESO-SUR,REM-P1-000016-1,2026-03-15
SH-P1-000016-2,EXPRESO-SUR,REM-P1-000016-2,2026-03-15
SH-P1-000016-3,EXPRESO-SUR,REM-P1-000016-3,2026-03-15
SH-P1-000016-4,EXPRESO-SUR,REM-P1-000016-4,2026-03-15
SH-P2-000016-0,EXPRESO-SUR,REM-P2-000016-0,2026-08-10
SH-P2-000016-1,EXPRESO-SUR,REM-P2-000016-1,2026-08-10
SH-P2-000016-2,EXPRESO-SUR,REM-P2-000016-2,2026-08-10
SH-FE1-000016,EXPRESO-SUR,REM-FE1-000016,2026-03-20
SH-FE2-000016,EXPRESO-SUR,REM-FE2-000016,2026-03-21
SH-FD-000016,EXPRESO-SUR,REM-FD-000016,2026-03-22
SH-REV-000016,EXPRESO-SUR,REM-REV-000016,2026-03-23
SH-USD-OC1-000016,GLOBAL-CARGO,REM-USD-OC1-000016,2026-04-01
SH-USD-OC2-000016,GLOBAL-CARGO,REM-USD-OC2-000016,2026-04-02
SH-USD-PT-000016,GLOBAL-CARGO,REM-USD-PT-000016,2026-04-03
SH-USD-FAIL-000016,GLOBAL-CARGO,REM-USD-FAIL-000016,2026-04-04
SH-N1-A-000016,EXPRESO-SUR,REM-N1-000016,2026-03-25
SH-N1-B-000016,EXPRESO-SUR,REM-N1-000016,2026-03-25
SH-1N-000016,EXPRESO-SUR,REM-1N-000016,2026-03-26
SH-P1-000017-0,EXPRESO-SUR,REM-P1-000017-0,2026-03-15
SH-P1-000017-1,EXPRESO-SUR,REM-P1-000017-1,2026-03-15
SH-P1-000017-2,EXPRESO-SUR,REM-P1-000017-2,2026-03-15
SH-P1-000017-3,EXPRESO-SUR,REM-P1-000017-3,2026-03-15
SH-P1-000017-4,EXPRESO-SUR,REM-P1-000017-4,2026-03-15
SH-P2-000017-0,EXPRESO-SUR,REM-P2-000017-0,2026-08-10
SH-P2-000017-1,EXPRESO-SUR,REM-P2-000017-1,2026-08-10
SH-P2-000017-2,EXPRESO-SUR,REM-P2-000017-2,2026-08-10
SH-FE1-000017,EXPRESO-SUR,REM-FE1-000017,2026-03-20
SH-FE2-000017,EXPRESO-SUR,REM-FE2-000017,2026-03-21
SH-FD-000017,EXPRESO-SUR,REM-FD-000017,2026-03-22
SH-REV-000017,EXPRESO-SUR,REM-REV-000017,2026-03-23
SH-USD-OC1-000017,GLOBAL-CARGO,REM-USD-OC1-000017,2026-04-01
SH-USD-OC2-000017,GLOBAL-CARGO,REM-USD-OC2-000017,2026-04-02
SH-USD-PT-000017,GLOBAL-CARGO,REM-USD-PT-000017,2026-04-03
SH-USD-FAIL-000017,GLOBAL-CARGO,REM-USD-FAIL-000017,2026-04-04
SH-N1-A-000017,EXPRESO-SUR,REM-N1-000017,2026-03-25
SH-N1-B-000017,EXPRESO-SUR,REM-N1-000017,2026-03-25
SH-1N-000017,EXPRESO-SUR,REM-1N-000017,2026-03-26
SH-P1-000018-0,EXPRESO-SUR,REM-P1-000018-0,2026-03-15
SH-P1-000018-1,EXPRESO-SUR,REM-P1-000018-1,2026-03-15
SH-P1-000018-2,EXPRESO-SUR,REM-P1-000018-2,2026-03-15
SH-P1-000018-3,EXPRESO-SUR,REM-P1-000018-3,2026-03-15
SH-P1-000018-4,EXPRESO-SUR,REM-P1-000018-4,2026-03-15
SH-P2-000018-0,EXPRESO-SUR,REM-P2-000018-0,2026-08-10
SH-P2-000018-1,EXPRESO-SUR,REM-P2-000018-1,2026-08-10
SH-P2-000018-2,EXPRESO-SUR,REM-P2-000018-2,2026-08-10
SH-FE1-000018,EXPRESO-SUR,REM-FE1-000018,2026-03-20
SH-FE2-000018,EXPRESO-SUR,REM-FE2-000018,2026-03-21
SH-FD-000018,EXPRESO-SUR,REM-FD-000018,2026-03-22
SH-REV-000018,EXPRESO-SUR,REM-REV-000018,2026-03-23
SH-USD-OC1-000018,GLOBAL-CARGO,REM-USD-OC1-000018,2026-04-01
SH-USD-OC2-000018,GLOBAL-CARGO,REM-USD-OC2-000018,2026-04-02
SH-USD-PT-000018,GLOBAL-CARGO,REM-USD-PT-000018,2026-04-03
SH-USD-FAIL-000018,GLOBAL-CARGO,REM-USD-FAIL-000018,2026-04-04
SH-N1-A-000018,EXPRESO-SUR,REM-N1-000018,2026-03-25
SH-N1-B-000018,EXPRESO-SUR,REM-N1-000018,2026-03-25
SH-1N-000018,EXPRESO-SUR,REM-1N-000018,2026-03-26
SH-P1-000019-0,EXPRESO-SUR,REM-P1-000019-0,2026-03-15
SH-P1-000019-1,EXPRESO-SUR,REM-P1-000019-1,2026-03-15
SH-P1-000019-2,EXPRESO-SUR,REM-P1-000019-2,2026-03-15
SH-P1-000019-3,EXPRESO-SUR,REM-P1-000019-3,2026-03-15
SH-P1-000019-4,EXPRESO-SUR,REM-P1-000019-4,2026-03-15
SH-P2-000019-0,EXPRESO-SUR,REM-P2-000019-0,2026-08-10
SH-P2-000019-1,EXPRESO-SUR,REM-P2-000019-1,2026-08-10
SH-P2-000019-2,EXPRESO-SUR,REM-P2-000019-2,2026-08-10
SH-FE1-000019,EXPRESO-SUR,REM-FE1-000019,2026-03-20
SH-FE2-000019,EXPRESO-SUR,REM-FE2-000019,2026-03-21
SH-FD-000019,EXPRESO-SUR,REM-FD-000019,2026-03-22
SH-REV-000019,EXPRESO-SUR,REM-REV-000019,2026-03-23
SH-USD-OC1-000019,GLOBAL-CARGO,REM-USD-OC1-000019,2026-04-01
SH-USD-OC2-000019,GLOBAL-CARGO,REM-USD-OC2-000019,2026-04-02
SH-USD-PT-000019,GLOBAL-CARGO,REM-USD-PT-000019,2026-04-03
SH-USD-FAIL-000019,GLOBAL-CARGO,REM-USD-FAIL-000019,2026-04-04
SH-N1-A-000019,EXPRESO-SUR,REM-N1-000019,2026-03-25
SH-N1-B-000019,EXPRESO-SUR,REM-N1-000019,2026-03-25
SH-1N-000019,EXPRESO-SUR,REM-1N-000019,2026-03-26
SH-P1-000020-0,EXPRESO-SUR,REM-P1-000020-0,2026-03-15
SH-P1-000020-1,EXPRESO-SUR,REM-P1-000020-1,2026-03-15
SH-P1-000020-2,EXPRESO-SUR,REM-P1-000020-2,2026-03-15
SH-P1-000020-3,EXPRESO-SUR,REM-P1-000020-3,2026-03-15
SH-P1-000020-4,EXPRESO-SUR,REM-P1-000020-4,2026-03-15
SH-P2-000020-0,EXPRESO-SUR,REM-P2-000020-0,2026-08-10
SH-P2-000020-1,EXPRESO-SUR,REM-P2-000020-1,2026-08-10
SH-P2-000020-2,EXPRESO-SUR,REM-P2-000020-2,2026-08-10
SH-FE1-000020,EXPRESO-SUR,REM-FE1-000020,2026-03-20
SH-FE2-000020,EXPRESO-SUR,REM-FE2-000020,2026-03-21
SH-FD-000020,EXPRESO-SUR,REM-FD-000020,2026-03-22
SH-REV-000020,EXPRESO-SUR,REM-REV-000020,2026-03-23
SH-USD-OC1-000020,GLOBAL-CARGO,REM-USD-OC1-000020,2026-04-01
SH-USD-OC2-000020,GLOBAL-CARGO,REM-USD-OC2-000020,2026-04-02
SH-USD-PT-000020,GLOBAL-CARGO,REM-USD-PT-000020,2026-04-03
SH-USD-FAIL-000020,GLOBAL-CARGO,REM-USD-FAIL-000020,2026-04-04
SH-N1-A-000020,EXPRESO-SUR,REM-N1-000020,2026-03-25
SH-N1-B-000020,EXPRESO-SUR,REM-N1-000020,2026-03-25
SH-1N-000020,EXPRESO-SUR,REM-1N-000020,2026-03-26
SH-P1-000021-0,EXPRESO-SUR,REM-P1-000021-0,2026-03-15
SH-P1-000021-1,EXPRESO-SUR,REM-P1-000021-1,2026-03-15
SH-P1-000021-2,EXPRESO-SUR,REM-P1-000021-2,2026-03-15
SH-P1-000021-3,EXPRESO-SUR,REM-P1-000021-3,2026-03-15
SH-P1-000021-4,EXPRESO-SUR,REM-P1-000021-4,2026-03-15
SH-P2-000021-0,EXPRESO-SUR,REM-P2-000021-0,2026-08-10
SH-P2-000021-1,EXPRESO-SUR,REM-P2-000021-1,2026-08-10
SH-P2-000021-2,EXPRESO-SUR,REM-P2-000021-2,2026-08-10
SH-FE1-000021,EXPRESO-SUR,REM-FE1-000021,2026-03-20
SH-FE2-000021,EXPRESO-SUR,REM-FE2-000021,2026-03-21
SH-FD-000021,EXPRESO-SUR,REM-FD-000021,2026-03-22
SH-REV-000021,EXPRESO-SUR,REM-REV-000021,2026-03-23
SH-USD-OC1-000021,GLOBAL-CARGO,REM-USD-OC1-000021,2026-04-01
SH-USD-OC2-000021,GLOBAL-CARGO,REM-USD-OC2-000021,2026-04-02
SH-USD-PT-000021,GLOBAL-CARGO,REM-USD-PT-000021,2026-04-03
SH-USD-FAIL-000021,GLOBAL-CARGO,REM-USD-FAIL-000021,2026-04-04
SH-N1-A-000021,EXPRESO-SUR,REM-N1-000021,2026-03-25
SH-N1-B-000021,EXPRESO-SUR,REM-N1-000021,2026-03-25
SH-1N-000021,EXPRESO-SUR,REM-1N-000021,2026-03-26
SH-P1-000022-0,EXPRESO-SUR,REM-P1-000022-0,2026-03-15
SH-P1-000022-1,EXPRESO-SUR,REM-P1-000022-1,2026-03-15
SH-P1-000022-2,EXPRESO-SUR,REM-P1-000022-2,2026-03-15
SH-P1-000022-3,EXPRESO-SUR,REM-P1-000022-3,2026-03-15
SH-P1-000022-4,EXPRESO-SUR,REM-P1-000022-4,2026-03-15
SH-P2-000022-0,EXPRESO-SUR,REM-P2-000022-0,2026-08-10
SH-P2-000022-1,EXPRESO-SUR,REM-P2-000022-1,2026-08-10
SH-P2-000022-2,EXPRESO-SUR,REM-P2-000022-2,2026-08-10
SH-FE1-000022,EXPRESO-SUR,REM-FE1-000022,2026-03-20
SH-FE2-000022,EXPRESO-SUR,REM-FE2-000022,2026-03-21
SH-FD-000022,EXPRESO-SUR,REM-FD-000022,2026-03-22
SH-REV-000022,EXPRESO-SUR,REM-REV-000022,2026-03-23
SH-USD-OC1-000022,GLOBAL-CARGO,REM-USD-OC1-000022,2026-04-01
SH-USD-OC2-000022,GLOBAL-CARGO,REM-USD-OC2-000022,2026-04-02
SH-USD-PT-000022,GLOBAL-CARGO,REM-USD-PT-000022,2026-04-03
SH-USD-FAIL-000022,GLOBAL-CARGO,REM-USD-FAIL-000022,2026-04-04
SH-N1-A-000022,EXPRESO-SUR,REM-N1-000022,2026-03-25
SH-N1-B-000022,EXPRESO-SUR,REM-N1-000022,2026-03-25
SH-1N-000022,EXPRESO-SUR,REM-1N-000022,2026-03-26
SH-P1-000023-0,EXPRESO-SUR,REM-P1-000023-0,2026-03-15
SH-P1-000023-1,EXPRESO-SUR,REM-P1-000023-1,2026-03-15
SH-P1-000023-2,EXPRESO-SUR,REM-P1-000023-2,2026-03-15
SH-P1-000023-3,EXPRESO-SUR,REM-P1-000023-3,2026-03-15
SH-P1-000023-4,EXPRESO-SUR,REM-P1-000023-4,2026-03-15
SH-P2-000023-0,EXPRESO-SUR,REM-P2-000023-0,2026-08-10
SH-P2-000023-1,EXPRESO-SUR,REM-P2-000023-1,2026-08-10
SH-P2-000023-2,EXPRESO-SUR,REM-P2-000023-2,2026-08-10
SH-FE1-000023,EXPRESO-SUR,REM-FE1-000023,2026-03-20
SH-FE2-000023,EXPRESO-SUR,REM-FE2-000023,2026-03-21
SH-FD-000023,EXPRESO-SUR,REM-FD-000023,2026-03-22
SH-REV-000023,EXPRESO-SUR,REM-REV-000023,2026-03-23
SH-USD-OC1-000023,GLOBAL-CARGO,REM-USD-OC1-000023,2026-04-01
SH-USD-OC2-000023,GLOBAL-CARGO,REM-USD-OC2-000023,2026-04-02
SH-USD-PT-000023,GLOBAL-CARGO,REM-USD-PT-000023,2026-04-03
SH-USD-FAIL-000023,GLOBAL-CARGO,REM-USD-FAIL-000023,2026-04-04
SH-N1-A-000023,EXPRESO-SUR,REM-N1-000023,2026-03-25
SH-N1-B-000023,EXPRESO-SUR,REM-N1-000023,2026-03-25
SH-1N-000023,EXPRESO-SUR,REM-1N-000023,2026-03-26
SH-P1-000024-0,EXPRESO-SUR,REM-P1-000024-0,2026-03-15
SH-P1-000024-1,EXPRESO-SUR,REM-P1-000024-1,2026-03-15
SH-P1-000024-2,EXPRESO-SUR,REM-P1-000024-2,2026-03-15
SH-P1-000024-3,EXPRESO-SUR,REM-P1-000024-3,2026-03-15
SH-P1-000024-4,EXPRESO-SUR,REM-P1-000024-4,2026-03-15
SH-P2-000024-0,EXPRESO-SUR,REM-P2-000024-0,2026-08-10
SH-P2-000024-1,EXPRESO-SUR,REM-P2-000024-1,2026-08-10
SH-P2-000024-2,EXPRESO-SUR,REM-P2-000024-2,2026-08-10
SH-FE1-000024,EXPRESO-SUR,REM-FE1-000024,2026-03-20
SH-FE2-000024,EXPRESO-SUR,REM-FE2-000024,2026-03-21
SH-FD-000024,EXPRESO-SUR,REM-FD-000024,2026-03-22
SH-REV-000024,EXPRESO-SUR,REM-REV-000024,2026-03-23
SH-USD-OC1-000024,GLOBAL-CARGO,REM-USD-OC1-000024,2026-04-01
SH-USD-OC2-000024,GLOBAL-CARGO,REM-USD-OC2-000024,2026-04-02
SH-USD-PT-000024,GLOBAL-CARGO,REM-USD-PT-000024,2026-04-03
SH-USD-FAIL-000024,GLOBAL-CARGO,REM-USD-FAIL-000024,2026-04-04
SH-N1-A-000024,EXPRESO-SUR,REM-N1-000024,2026-03-25
SH-N1-B-000024,EXPRESO-SUR,REM-N1-000024,2026-03-25
SH-1N-000024,EXPRESO-SUR,REM-1N-000024,2026-03-26
SH-P1-000025-0,EXPRESO-SUR,REM-P1-000025-0,2026-03-15
SH-P1-000025-1,EXPRESO-SUR,REM-P1-000025-1,2026-03-15
SH-P1-000025-2,EXPRESO-SUR,REM-P1-000025-2,2026-03-15
SH-P1-000025-3,EXPRESO-SUR,REM-P1-000025-3,2026-03-15
SH-P1-000025-4,EXPRESO-SUR,REM-P1-000025-4,2026-03-15
SH-P2-000025-0,EXPRESO-SUR,REM-P2-000025-0,2026-08-10
SH-P2-000025-1,EXPRESO-SUR,REM-P2-000025-1,2026-08-10
SH-P2-000025-2,EXPRESO-SUR,REM-P2-000025-2,2026-08-10
SH-FE1-000025,EXPRESO-SUR,REM-FE1-000025,2026-03-20
SH-FE2-000025,EXPRESO-SUR,REM-FE2-000025,2026-03-21
SH-FD-000025,EXPRESO-SUR,REM-FD-000025,2026-03-22
SH-REV-000025,EXPRESO-SUR,REM-REV-000025,2026-03-23
SH-USD-OC1-000025,GLOBAL-CARGO,REM-USD-OC1-000025,2026-04-01
SH-USD-OC2-000025,GLOBAL-CARGO,REM-USD-OC2-000025,2026-04-02
SH-USD-PT-000025,GLOBAL-CARGO,REM-USD-PT-000025,2026-04-03
SH-USD-FAIL-000025,GLOBAL-CARGO,REM-USD-FAIL-000025,2026-04-04
SH-N1-A-000025,EXPRESO-SUR,REM-N1-000025,2026-03-25
SH-N1-B-000025,EXPRESO-SUR,REM-N1-000025,2026-03-25
SH-1N-000025,EXPRESO-SUR,REM-1N-000025,2026-03-26
SH-P1-000026-0,EXPRESO-SUR,REM-P1-000026-0,2026-03-15
SH-P1-000026-1,EXPRESO-SUR,REM-P1-000026-1,2026-03-15
SH-P1-000026-2,EXPRESO-SUR,REM-P1-000026-2,2026-03-15
SH-P1-000026-3,EXPRESO-SUR,REM-P1-000026-3,2026-03-15
SH-P1-000026-4,EXPRESO-SUR,REM-P1-000026-4,2026-03-15
SH-P2-000026-0,EXPRESO-SUR,REM-P2-000026-0,2026-08-10
SH-P2-000026-1,EXPRESO-SUR,REM-P2-000026-1,2026-08-10
SH-P2-000026-2,EXPRESO-SUR,REM-P2-000026-2,2026-08-10
SH-FE1-000026,EXPRESO-SUR,REM-FE1-000026,2026-03-20
SH-FE2-000026,EXPRESO-SUR,REM-FE2-000026,2026-03-21
SH-FD-000026,EXPRESO-SUR,REM-FD-000026,2026-03-22
SH-REV-000026,EXPRESO-SUR,REM-REV-000026,2026-03-23
SH-USD-OC1-000026,GLOBAL-CARGO,REM-USD-OC1-000026,2026-04-01
SH-USD-OC2-000026,GLOBAL-CARGO,REM-USD-OC2-000026,2026-04-02
SH-USD-PT-000026,GLOBAL-CARGO,REM-USD-PT-000026,2026-04-03
SH-USD-FAIL-000026,GLOBAL-CARGO,REM-USD-FAIL-000026,2026-04-04
SH-N1-A-000026,EXPRESO-SUR,REM-N1-000026,2026-03-25
SH-N1-B-000026,EXPRESO-SUR,REM-N1-000026,2026-03-25
SH-1N-000026,EXPRESO-SUR,REM-1N-000026,2026-03-26
SH-P1-000027-0,EXPRESO-SUR,REM-P1-000027-0,2026-03-15
SH-P1-000027-1,EXPRESO-SUR,REM-P1-000027-1,2026-03-15
SH-P1-000027-2,EXPRESO-SUR,REM-P1-000027-2,2026-03-15
SH-P1-000027-3,EXPRESO-SUR,REM-P1-000027-3,2026-03-15
SH-P1-000027-4,EXPRESO-SUR,REM-P1-000027-4,2026-03-15
SH-P2-000027-0,EXPRESO-SUR,REM-P2-000027-0,2026-08-10
SH-P2-000027-1,EXPRESO-SUR,REM-P2-000027-1,2026-08-10
SH-P2-000027-2,EXPRESO-SUR,REM-P2-000027-2,2026-08-10
SH-FE1-000027,EXPRESO-SUR,REM-FE1-000027,2026-03-20
SH-FE2-000027,EXPRESO-SUR,REM-FE2-000027,2026-03-21
SH-FD-000027,EXPRESO-SUR,REM-FD-000027,2026-03-22
SH-REV-000027,EXPRESO-SUR,REM-REV-000027,2026-03-23
SH-USD-OC1-000027,GLOBAL-CARGO,REM-USD-OC1-000027,2026-04-01
SH-USD-OC2-000027,GLOBAL-CARGO,REM-USD-OC2-000027,2026-04-02
SH-USD-PT-000027,GLOBAL-CARGO,REM-USD-PT-000027,2026-04-03
SH-USD-FAIL-000027,GLOBAL-CARGO,REM-USD-FAIL-000027,2026-04-04
SH-N1-A-000027,EXPRESO-SUR,REM-N1-000027,2026-03-25
SH-N1-B-000027,EXPRESO-SUR,REM-N1-000027,2026-03-25
SH-1N-000027,EXPRESO-SUR,REM-1N-000027,2026-03-26
SH-P1-000028-0,EXPRESO-SUR,REM-P1-000028-0,2026-03-15
SH-P1-000028-1,EXPRESO-SUR,REM-P1-000028-1,2026-03-15
SH-P1-000028-2,EXPRESO-SUR,REM-P1-000028-2,2026-03-15
SH-P1-000028-3,EXPRESO-SUR,REM-P1-000028-3,2026-03-15
SH-P1-000028-4,EXPRESO-SUR,REM-P1-000028-4,2026-03-15
SH-P2-000028-0,EXPRESO-SUR,REM-P2-000028-0,2026-08-10
SH-P2-000028-1,EXPRESO-SUR,REM-P2-000028-1,2026-08-10
SH-P2-000028-2,EXPRESO-SUR,REM-P2-000028-2,2026-08-10
SH-FE1-000028,EXPRESO-SUR,REM-FE1-000028,2026-03-20
SH-FE2-000028,EXPRESO-SUR,REM-FE2-000028,2026-03-21
SH-FD-000028,EXPRESO-SUR,REM-FD-000028,2026-03-22
SH-REV-000028,EXPRESO-SUR,REM-REV-000028,2026-03-23
SH-USD-OC1-000028,GLOBAL-CARGO,REM-USD-OC1-000028,2026-04-01
SH-USD-OC2-000028,GLOBAL-CARGO,REM-USD-OC2-000028,2026-04-02
SH-USD-PT-000028,GLOBAL-CARGO,REM-USD-PT-000028,2026-04-03
SH-USD-FAIL-000028,GLOBAL-CARGO,REM-USD-FAIL-000028,2026-04-04
SH-N1-A-000028,EXPRESO-SUR,REM-N1-000028,2026-03-25
SH-N1-B-000028,EXPRESO-SUR,REM-N1-000028,2026-03-25
SH-1N-000028,EXPRESO-SUR,REM-1N-000028,2026-03-26
SH-P1-000029-0,EXPRESO-SUR,REM-P1-000029-0,2026-03-15
SH-P1-000029-1,EXPRESO-SUR,REM-P1-000029-1,2026-03-15
SH-P1-000029-2,EXPRESO-SUR,REM-P1-000029-2,2026-03-15
SH-P1-000029-3,EXPRESO-SUR,REM-P1-000029-3,2026-03-15
SH-P1-000029-4,EXPRESO-SUR,REM-P1-000029-4,2026-03-15
SH-P2-000029-0,EXPRESO-SUR,REM-P2-000029-0,2026-08-10
SH-P2-000029-1,EXPRESO-SUR,REM-P2-000029-1,2026-08-10
SH-P2-000029-2,EXPRESO-SUR,REM-P2-000029-2,2026-08-10
SH-FE1-000029,EXPRESO-SUR,REM-FE1-000029,2026-03-20
SH-FE2-000029,EXPRESO-SUR,REM-FE2-000029,2026-03-21
SH-FD-000029,EXPRESO-SUR,REM-FD-000029,2026-03-22
SH-REV-000029,EXPRESO-SUR,REM-REV-000029,2026-03-23
SH-USD-OC1-000029,GLOBAL-CARGO,REM-USD-OC1-000029,2026-04-01
SH-USD-OC2-000029,GLOBAL-CARGO,REM-USD-OC2-000029,2026-04-02
SH-USD-PT-000029,GLOBAL-CARGO,REM-USD-PT-000029,2026-04-03
SH-USD-FAIL-000029,GLOBAL-CARGO,REM-USD-FAIL-000029,2026-04-04
SH-N1-A-000029,EXPRESO-SUR,REM-N1-000029,2026-03-25
SH-N1-B-000029,EXPRESO-SUR,REM-N1-000029,2026-03-25
SH-1N-000029,EXPRESO-SUR,REM-1N-000029,2026-03-26
SH-P1-000030-0,EXPRESO-SUR,REM-P1-000030-0,2026-03-15
SH-P1-000030-1,EXPRESO-SUR,REM-P1-000030-1,2026-03-15
SH-P1-000030-2,EXPRESO-SUR,REM-P1-000030-2,2026-03-15
SH-P1-000030-3,EXPRESO-SUR,REM-P1-000030-3,2026-03-15
SH-P1-000030-4,EXPRESO-SUR,REM-P1-000030-4,2026-03-15
SH-P2-000030-0,EXPRESO-SUR,REM-P2-000030-0,2026-08-10
SH-P2-000030-1,EXPRESO-SUR,REM-P2-000030-1,2026-08-10
SH-P2-000030-2,EXPRESO-SUR,REM-P2-000030-2,2026-08-10
SH-FE1-000030,EXPRESO-SUR,REM-FE1-000030,2026-03-20
SH-FE2-000030,EXPRESO-SUR,REM-FE2-000030,2026-03-21
SH-FD-000030,EXPRESO-SUR,REM-FD-000030,2026-03-22
SH-REV-000030,EXPRESO-SUR,REM-REV-000030,2026-03-23
SH-USD-OC1-000030,GLOBAL-CARGO,REM-USD-OC1-000030,2026-04-01
SH-USD-OC2-000030,GLOBAL-CARGO,REM-USD-OC2-000030,2026-04-02
SH-USD-PT-000030,GLOBAL-CARGO,REM-USD-PT-000030,2026-04-03
SH-USD-FAIL-000030,GLOBAL-CARGO,REM-USD-FAIL-000030,2026-04-04
SH-N1-A-000030,EXPRESO-SUR,REM-N1-000030,2026-03-25
SH-N1-B-000030,EXPRESO-SUR,REM-N1-000030,2026-03-25
SH-1N-000030,EXPRESO-SUR,REM-1N-000030,2026-03-26
SH-P1-000031-0,EXPRESO-SUR,REM-P1-000031-0,2026-03-15
SH-P1-000031-1,EXPRESO-SUR,REM-P1-000031-1,2026-03-15
SH-P1-000031-2,EXPRESO-SUR,REM-P1-000031-2,2026-03-15
SH-P1-000031-3,EXPRESO-SUR,REM-P1-000031-3,2026-03-15
SH-P1-000031-4,EXPRESO-SUR,REM-P1-000031-4,2026-03-15
SH-P2-000031-0,EXPRESO-SUR,REM-P2-000031-0,2026-08-10
SH-P2-000031-1,EXPRESO-SUR,REM-P2-000031-1,2026-08-10
SH-P2-000031-2,EXPRESO-SUR,REM-P2-000031-2,2026-08-10
SH-FE1-000031,EXPRESO-SUR,REM-FE1-000031,2026-03-20
SH-FE2-000031,EXPRESO-SUR,REM-FE2-000031,2026-03-21
SH-FD-000031,EXPRESO-SUR,REM-FD-000031,2026-03-22
SH-REV-000031,EXPRESO-SUR,REM-REV-000031,2026-03-23
SH-USD-OC1-000031,GLOBAL-CARGO,REM-USD-OC1-000031,2026-04-01
SH-USD-OC2-000031,GLOBAL-CARGO,REM-USD-OC2-000031,2026-04-02
SH-USD-PT-000031,GLOBAL-CARGO,REM-USD-PT-000031,2026-04-03
SH-USD-FAIL-000031,GLOBAL-CARGO,REM-USD-FAIL-000031,2026-04-04
SH-N1-A-000031,EXPRESO-SUR,REM-N1-000031,2026-03-25
SH-N1-B-000031,EXPRESO-SUR,REM-N1-000031,2026-03-25
SH-1N-000031,EXPRESO-SUR,REM-1N-000031,2026-03-26
SH-P1-000032-0,EXPRESO-SUR,REM-P1-000032-0,2026-03-15
SH-P1-000032-1,EXPRESO-SUR,REM-P1-000032-1,2026-03-15
SH-P1-000032-2,EXPRESO-SUR,REM-P1-000032-2,2026-03-15
SH-P1-000032-3,EXPRESO-SUR,REM-P1-000032-3,2026-03-15
SH-P1-000032-4,EXPRESO-SUR,REM-P1-000032-4,2026-03-15
SH-P2-000032-0,EXPRESO-SUR,REM-P2-000032-0,2026-08-10
SH-P2-000032-1,EXPRESO-SUR,REM-P2-000032-1,2026-08-10
SH-P2-000032-2,EXPRESO-SUR,REM-P2-000032-2,2026-08-10
SH-FE1-000032,EXPRESO-SUR,REM-FE1-000032,2026-03-20
SH-FE2-000032,EXPRESO-SUR,REM-FE2-000032,2026-03-21
SH-FD-000032,EXPRESO-SUR,REM-FD-000032,2026-03-22
SH-REV-000032,EXPRESO-SUR,REM-REV-000032,2026-03-23
SH-USD-OC1-000032,GLOBAL-CARGO,REM-USD-OC1-000032,2026-04-01
SH-USD-OC2-000032,GLOBAL-CARGO,REM-USD-OC2-000032,2026-04-02
SH-USD-PT-000032,GLOBAL-CARGO,REM-USD-PT-000032,2026-04-03
SH-USD-FAIL-000032,GLOBAL-CARGO,REM-USD-FAIL-000032,2026-04-04
SH-N1-A-000032,EXPRESO-SUR,REM-N1-000032,2026-03-25
SH-N1-B-000032,EXPRESO-SUR,REM-N1-000032,2026-03-25
SH-1N-000032,EXPRESO-SUR,REM-1N-000032,2026-03-26
SH-P1-000033-0,EXPRESO-SUR,REM-P1-000033-0,2026-03-15
SH-P1-000033-1,EXPRESO-SUR,REM-P1-000033-1,2026-03-15
SH-P1-000033-2,EXPRESO-SUR,REM-P1-000033-2,2026-03-15
SH-P1-000033-3,EXPRESO-SUR,REM-P1-000033-3,2026-03-15
SH-P1-000033-4,EXPRESO-SUR,REM-P1-000033-4,2026-03-15
SH-P2-000033-0,EXPRESO-SUR,REM-P2-000033-0,2026-08-10
SH-P2-000033-1,EXPRESO-SUR,REM-P2-000033-1,2026-08-10
SH-P2-000033-2,EXPRESO-SUR,REM-P2-000033-2,2026-08-10
SH-FE1-000033,EXPRESO-SUR,REM-FE1-000033,2026-03-20
SH-FE2-000033,EXPRESO-SUR,REM-FE2-000033,2026-03-21
SH-FD-000033,EXPRESO-SUR,REM-FD-000033,2026-03-22
SH-REV-000033,EXPRESO-SUR,REM-REV-000033,2026-03-23
SH-USD-OC1-000033,GLOBAL-CARGO,REM-USD-OC1-000033,2026-04-01
SH-USD-OC2-000033,GLOBAL-CARGO,REM-USD-OC2-000033,2026-04-02
SH-USD-PT-000033,GLOBAL-CARGO,REM-USD-PT-000033,2026-04-03
SH-USD-FAIL-000033,GLOBAL-CARGO,REM-USD-FAIL-000033,2026-04-04
SH-N1-A-000033,EXPRESO-SUR,REM-N1-000033,2026-03-25
SH-N1-B-000033,EXPRESO-SUR,REM-N1-000033,2026-03-25
SH-1N-000033,EXPRESO-SUR,REM-1N-000033,2026-03-26
SH-P1-000034-0,EXPRESO-SUR,REM-P1-000034-0,2026-03-15
SH-P1-000034-1,EXPRESO-SUR,REM-P1-000034-1,2026-03-15
SH-P1-000034-2,EXPRESO-SUR,REM-P1-000034-2,2026-03-15
SH-P1-000034-3,EXPRESO-SUR,REM-P1-000034-3,2026-03-15
SH-P1-000034-4,EXPRESO-SUR,REM-P1-000034-4,2026-03-15
SH-P2-000034-0,EXPRESO-SUR,REM-P2-000034-0,2026-08-10
SH-P2-000034-1,EXPRESO-SUR,REM-P2-000034-1,2026-08-10
SH-P2-000034-2,EXPRESO-SUR,REM-P2-000034-2,2026-08-10
SH-FE1-000034,EXPRESO-SUR,REM-FE1-000034,2026-03-20
SH-FE2-000034,EXPRESO-SUR,REM-FE2-000034,2026-03-21
SH-FD-000034,EXPRESO-SUR,REM-FD-000034,2026-03-22
SH-REV-000034,EXPRESO-SUR,REM-REV-000034,2026-03-23
SH-USD-OC1-000034,GLOBAL-CARGO,REM-USD-OC1-000034,2026-04-01
SH-USD-OC2-000034,GLOBAL-CARGO,REM-USD-OC2-000034,2026-04-02
SH-USD-PT-000034,GLOBAL-CARGO,REM-USD-PT-000034,2026-04-03
SH-USD-FAIL-000034,GLOBAL-CARGO,REM-USD-FAIL-000034,2026-04-04
SH-N1-A-000034,EXPRESO-SUR,REM-N1-000034,2026-03-25
SH-N1-B-000034,EXPRESO-SUR,REM-N1-000034,2026-03-25
SH-1N-000034,EXPRESO-SUR,REM-1N-000034,2026-03-26
SH-P1-000035-0,EXPRESO-SUR,REM-P1-000035-0,2026-03-15
SH-P1-000035-1,EXPRESO-SUR,REM-P1-000035-1,2026-03-15
SH-P1-000035-2,EXPRESO-SUR,REM-P1-000035-2,2026-03-15
SH-P1-000035-3,EXPRESO-SUR,REM-P1-000035-3,2026-03-15
SH-P1-000035-4,EXPRESO-SUR,REM-P1-000035-4,2026-03-15
SH-P2-000035-0,EXPRESO-SUR,REM-P2-000035-0,2026-08-10
SH-P2-000035-1,EXPRESO-SUR,REM-P2-000035-1,2026-08-10
SH-P2-000035-2,EXPRESO-SUR,REM-P2-000035-2,2026-08-10
SH-FE1-000035,EXPRESO-SUR,REM-FE1-000035,2026-03-20
SH-FE2-000035,EXPRESO-SUR,REM-FE2-000035,2026-03-21
SH-FD-000035,EXPRESO-SUR,REM-FD-000035,2026-03-22
SH-REV-000035,EXPRESO-SUR,REM-REV-000035,2026-03-23
SH-USD-OC1-000035,GLOBAL-CARGO,REM-USD-OC1-000035,2026-04-01
SH-USD-OC2-000035,GLOBAL-CARGO,REM-USD-OC2-000035,2026-04-02
SH-USD-PT-000035,GLOBAL-CARGO,REM-USD-PT-000035,2026-04-03
SH-USD-FAIL-000035,GLOBAL-CARGO,REM-USD-FAIL-000035,2026-04-04
SH-N1-A-000035,EXPRESO-SUR,REM-N1-000035,2026-03-25
SH-N1-B-000035,EXPRESO-SUR,REM-N1-000035,2026-03-25
SH-1N-000035,EXPRESO-SUR,REM-1N-000035,2026-03-26
SH-P1-000036-0,EXPRESO-SUR,REM-P1-000036-0,2026-03-15
SH-P1-000036-1,EXPRESO-SUR,REM-P1-000036-1,2026-03-15
SH-P1-000036-2,EXPRESO-SUR,REM-P1-000036-2,2026-03-15
SH-P1-000036-3,EXPRESO-SUR,REM-P1-000036-3,2026-03-15
SH-P1-000036-4,EXPRESO-SUR,REM-P1-000036-4,2026-03-15
SH-P2-000036-0,EXPRESO-SUR,REM-P2-000036-0,2026-08-10
SH-P2-000036-1,EXPRESO-SUR,REM-P2-000036-1,2026-08-10
SH-P2-000036-2,EXPRESO-SUR,REM-P2-000036-2,2026-08-10
SH-FE1-000036,EXPRESO-SUR,REM-FE1-000036,2026-03-20
SH-FE2-000036,EXPRESO-SUR,REM-FE2-000036,2026-03-21
SH-FD-000036,EXPRESO-SUR,REM-FD-000036,2026-03-22
SH-REV-000036,EXPRESO-SUR,REM-REV-000036,2026-03-23
SH-USD-OC1-000036,GLOBAL-CARGO,REM-USD-OC1-000036,2026-04-01
SH-USD-OC2-000036,GLOBAL-CARGO,REM-USD-OC2-000036,2026-04-02
SH-USD-PT-000036,GLOBAL-CARGO,REM-USD-PT-000036,2026-04-03
SH-USD-FAIL-000036,GLOBAL-CARGO,REM-USD-FAIL-000036,2026-04-04
SH-N1-A-000036,EXPRESO-SUR,REM-N1-000036,2026-03-25
SH-N1-B-000036,EXPRESO-SUR,REM-N1-000036,2026-03-25
SH-1N-000036,EXPRESO-SUR,REM-1N-000036,2026-03-26
SH-P1-000037-0,EXPRESO-SUR,REM-P1-000037-0,2026-03-15
SH-P1-000037-1,EXPRESO-SUR,REM-P1-000037-1,2026-03-15
SH-P1-000037-2,EXPRESO-SUR,REM-P1-000037-2,2026-03-15
SH-P1-000037-3,EXPRESO-SUR,REM-P1-000037-3,2026-03-15
SH-P1-000037-4,EXPRESO-SUR,REM-P1-000037-4,2026-03-15
SH-P2-000037-0,EXPRESO-SUR,REM-P2-000037-0,2026-08-10
SH-P2-000037-1,EXPRESO-SUR,REM-P2-000037-1,2026-08-10
SH-P2-000037-2,EXPRESO-SUR,REM-P2-000037-2,2026-08-10
SH-FE1-000037,EXPRESO-SUR,REM-FE1-000037,2026-03-20
SH-FE2-000037,EXPRESO-SUR,REM-FE2-000037,2026-03-21
SH-FD-000037,EXPRESO-SUR,REM-FD-000037,2026-03-22
SH-REV-000037,EXPRESO-SUR,REM-REV-000037,2026-03-23
SH-USD-OC1-000037,GLOBAL-CARGO,REM-USD-OC1-000037,2026-04-01
SH-USD-OC2-000037,GLOBAL-CARGO,REM-USD-OC2-000037,2026-04-02
SH-USD-PT-000037,GLOBAL-CARGO,REM-USD-PT-000037,2026-04-03
SH-USD-FAIL-000037,GLOBAL-CARGO,REM-USD-FAIL-000037,2026-04-04
SH-N1-A-000037,EXPRESO-SUR,REM-N1-000037,2026-03-25
SH-N1-B-000037,EXPRESO-SUR,REM-N1-000037,2026-03-25
SH-1N-000037,EXPRESO-SUR,REM-1N-000037,2026-03-26
SH-P1-000038-0,EXPRESO-SUR,REM-P1-000038-0,2026-03-15
SH-P1-000038-1,EXPRESO-SUR,REM-P1-000038-1,2026-03-15
SH-P1-000038-2,EXPRESO-SUR,REM-P1-000038-2,2026-03-15
SH-P1-000038-3,EXPRESO-SUR,REM-P1-000038-3,2026-03-15
SH-P1-000038-4,EXPRESO-SUR,REM-P1-000038-4,2026-03-15
SH-P2-000038-0,EXPRESO-SUR,REM-P2-000038-0,2026-08-10
SH-P2-000038-1,EXPRESO-SUR,REM-P2-000038-1,2026-08-10
SH-P2-000038-2,EXPRESO-SUR,REM-P2-000038-2,2026-08-10
SH-FE1-000038,EXPRESO-SUR,REM-FE1-000038,2026-03-20
SH-FE2-000038,EXPRESO-SUR,REM-FE2-000038,2026-03-21
SH-FD-000038,EXPRESO-SUR,REM-FD-000038,2026-03-22
SH-REV-000038,EXPRESO-SUR,REM-REV-000038,2026-03-23
SH-USD-OC1-000038,GLOBAL-CARGO,REM-USD-OC1-000038,2026-04-01
SH-USD-OC2-000038,GLOBAL-CARGO,REM-USD-OC2-000038,2026-04-02
SH-USD-PT-000038,GLOBAL-CARGO,REM-USD-PT-000038,2026-04-03
SH-USD-FAIL-000038,GLOBAL-CARGO,REM-USD-FAIL-000038,2026-04-04
SH-N1-A-000038,EXPRESO-SUR,REM-N1-000038,2026-03-25
SH-N1-B-000038,EXPRESO-SUR,REM-N1-000038,2026-03-25
SH-1N-000038,EXPRESO-SUR,REM-1N-000038,2026-03-26
SH-P1-000039-0,EXPRESO-SUR,REM-P1-000039-0,2026-03-15
SH-P1-000039-1,EXPRESO-SUR,REM-P1-000039-1,2026-03-15
SH-P1-000039-2,EXPRESO-SUR,REM-P1-000039-2,2026-03-15
SH-P1-000039-3,EXPRESO-SUR,REM-P1-000039-3,2026-03-15
SH-P1-000039-4,EXPRESO-SUR,REM-P1-000039-4,2026-03-15
SH-P2-000039-0,EXPRESO-SUR,REM-P2-000039-0,2026-08-10
SH-P2-000039-1,EXPRESO-SUR,REM-P2-000039-1,2026-08-10
SH-P2-000039-2,EXPRESO-SUR,REM-P2-000039-2,2026-08-10
SH-FE1-000039,EXPRESO-SUR,REM-FE1-000039,2026-03-20
SH-FE2-000039,EXPRESO-SUR,REM-FE2-000039,2026-03-21
SH-FD-000039,EXPRESO-SUR,REM-FD-000039,2026-03-22
SH-REV-000039,EXPRESO-SUR,REM-REV-000039,2026-03-23
SH-USD-OC1-000039,GLOBAL-CARGO,REM-USD-OC1-000039,2026-04-01
SH-USD-OC2-000039,GLOBAL-CARGO,REM-USD-OC2-000039,2026-04-02
SH-USD-PT-000039,GLOBAL-CARGO,REM-USD-PT-000039,2026-04-03
SH-USD-FAIL-000039,GLOBAL-CARGO,REM-USD-FAIL-000039,2026-04-04
SH-N1-A-000039,EXPRESO-SUR,REM-N1-000039,2026-03-25
SH-N1-B-000039,EXPRESO-SUR,REM-N1-000039,2026-03-25
SH-1N-000039,EXPRESO-SUR,REM-1N-000039,2026-03-26
SH-P1-000040-0,EXPRESO-SUR,REM-P1-000040-0,2026-03-15
SH-P1-000040-1,EXPRESO-SUR,REM-P1-000040-1,2026-03-15
SH-P1-000040-2,EXPRESO-SUR,REM-P1-000040-2,2026-03-15
SH-P1-000040-3,EXPRESO-SUR,REM-P1-000040-3,2026-03-15
SH-P1-000040-4,EXPRESO-SUR,REM-P1-000040-4,2026-03-15
SH-P2-000040-0,EXPRESO-SUR,REM-P2-000040-0,2026-08-10
SH-P2-000040-1,EXPRESO-SUR,REM-P2-000040-1,2026-08-10
SH-P2-000040-2,EXPRESO-SUR,REM-P2-000040-2,2026-08-10
SH-FE1-000040,EXPRESO-SUR,REM-FE1-000040,2026-03-20
SH-FE2-000040,EXPRESO-SUR,REM-FE2-000040,2026-03-21
SH-FD-000040,EXPRESO-SUR,REM-FD-000040,2026-03-22
SH-REV-000040,EXPRESO-SUR,REM-REV-000040,2026-03-23
SH-USD-OC1-000040,GLOBAL-CARGO,REM-USD-OC1-000040,2026-04-01
SH-USD-OC2-000040,GLOBAL-CARGO,REM-USD-OC2-000040,2026-04-02
SH-USD-PT-000040,GLOBAL-CARGO,REM-USD-PT-000040,2026-04-03
SH-USD-FAIL-000040,GLOBAL-CARGO,REM-USD-FAIL-000040,2026-04-04
SH-N1-A-000040,EXPRESO-SUR,REM-N1-000040,2026-03-25
SH-N1-B-000040,EXPRESO-SUR,REM-N1-000040,2026-03-25
SH-1N-000040,EXPRESO-SUR,REM-1N-000040,2026-03-26
SH-P1-000041-0,EXPRESO-SUR,REM-P1-000041-0,2026-03-15
SH-P1-000041-1,EXPRESO-SUR,REM-P1-000041-1,2026-03-15
SH-P1-000041-2,EXPRESO-SUR,REM-P1-000041-2,2026-03-15
SH-P1-000041-3,EXPRESO-SUR,REM-P1-000041-3,2026-03-15
SH-P1-000041-4,EXPRESO-SUR,REM-P1-000041-4,2026-03-15
SH-P2-000041-0,EXPRESO-SUR,REM-P2-000041-0,2026-08-10
SH-P2-000041-1,EXPRESO-SUR,REM-P2-000041-1,2026-08-10
SH-P2-000041-2,EXPRESO-SUR,REM-P2-000041-2,2026-08-10
SH-FE1-000041,EXPRESO-SUR,REM-FE1-000041,2026-03-20
SH-FE2-000041,EXPRESO-SUR,REM-FE2-000041,2026-03-21
SH-FD-000041,EXPRESO-SUR,REM-FD-000041,2026-03-22
SH-REV-000041,EXPRESO-SUR,REM-REV-000041,2026-03-23
SH-USD-OC1-000041,GLOBAL-CARGO,REM-USD-OC1-000041,2026-04-01
SH-USD-OC2-000041,GLOBAL-CARGO,REM-USD-OC2-000041,2026-04-02
SH-USD-PT-000041,GLOBAL-CARGO,REM-USD-PT-000041,2026-04-03
SH-USD-FAIL-000041,GLOBAL-CARGO,REM-USD-FAIL-000041,2026-04-04
SH-N1-A-000041,EXPRESO-SUR,REM-N1-000041,2026-03-25
SH-N1-B-000041,EXPRESO-SUR,REM-N1-000041,2026-03-25
SH-1N-000041,EXPRESO-SUR,REM-1N-000041,2026-03-26
SH-P1-000042-0,EXPRESO-SUR,REM-P1-000042-0,2026-03-15
SH-P1-000042-1,EXPRESO-SUR,REM-P1-000042-1,2026-03-15
SH-P1-000042-2,EXPRESO-SUR,REM-P1-000042-2,2026-03-15
SH-P1-000042-3,EXPRESO-SUR,REM-P1-000042-3,2026-03-15
SH-P1-000042-4,EXPRESO-SUR,REM-P1-000042-4,2026-03-15
SH-P2-000042-0,EXPRESO-SUR,REM-P2-000042-0,2026-08-10
SH-P2-000042-1,EXPRESO-SUR,REM-P2-000042-1,2026-08-10
SH-P2-000042-2,EXPRESO-SUR,REM-P2-000042-2,2026-08-10
SH-FE1-000042,EXPRESO-SUR,REM-FE1-000042,2026-03-20
SH-FE2-000042,EXPRESO-SUR,REM-FE2-000042,2026-03-21
SH-FD-000042,EXPRESO-SUR,REM-FD-000042,2026-03-22
SH-REV-000042,EXPRESO-SUR,REM-REV-000042,2026-03-23
SH-USD-OC1-000042,GLOBAL-CARGO,REM-USD-OC1-000042,2026-04-01
SH-USD-OC2-000042,GLOBAL-CARGO,REM-USD-OC2-000042,2026-04-02
SH-USD-PT-000042,GLOBAL-CARGO,REM-USD-PT-000042,2026-04-03
SH-USD-FAIL-000042,GLOBAL-CARGO,REM-USD-FAIL-000042,2026-04-04
SH-N1-A-000042,EXPRESO-SUR,REM-N1-000042,2026-03-25
SH-N1-B-000042,EXPRESO-SUR,REM-N1-000042,2026-03-25
SH-1N-000042,EXPRESO-SUR,REM-1N-000042,2026-03-26
SH-P1-000043-0,EXPRESO-SUR,REM-P1-000043-0,2026-03-15
SH-P1-000043-1,EXPRESO-SUR,REM-P1-000043-1,2026-03-15
SH-P1-000043-2,EXPRESO-SUR,REM-P1-000043-2,2026-03-15
SH-P1-000043-3,EXPRESO-SUR,REM-P1-000043-3,2026-03-15
SH-P1-000043-4,EXPRESO-SUR,REM-P1-000043-4,2026-03-15
SH-P2-000043-0,EXPRESO-SUR,REM-P2-000043-0,2026-08-10
SH-P2-000043-1,EXPRESO-SUR,REM-P2-000043-1,2026-08-10
SH-P2-000043-2,EXPRESO-SUR,REM-P2-000043-2,2026-08-10
SH-FE1-000043,EXPRESO-SUR,REM-FE1-000043,2026-03-20
SH-FE2-000043,EXPRESO-SUR,REM-FE2-000043,2026-03-21
SH-FD-000043,EXPRESO-SUR,REM-FD-000043,2026-03-22
SH-REV-000043,EXPRESO-SUR,REM-REV-000043,2026-03-23
SH-USD-OC1-000043,GLOBAL-CARGO,REM-USD-OC1-000043,2026-04-01
SH-USD-OC2-000043,GLOBAL-CARGO,REM-USD-OC2-000043,2026-04-02
SH-USD-PT-000043,GLOBAL-CARGO,REM-USD-PT-000043,2026-04-03
SH-USD-FAIL-000043,GLOBAL-CARGO,REM-USD-FAIL-000043,2026-04-04
SH-N1-A-000043,EXPRESO-SUR,REM-N1-000043,2026-03-25
SH-N1-B-000043,EXPRESO-SUR,REM-N1-000043,2026-03-25
SH-1N-000043,EXPRESO-SUR,REM-1N-000043,2026-03-26
SH-P1-000044-0,EXPRESO-SUR,REM-P1-000044-0,2026-03-15
SH-P1-000044-1,EXPRESO-SUR,REM-P1-000044-1,2026-03-15
SH-P1-000044-2,EXPRESO-SUR,REM-P1-000044-2,2026-03-15
SH-P1-000044-3,EXPRESO-SUR,REM-P1-000044-3,2026-03-15
SH-P1-000044-4,EXPRESO-SUR,REM-P1-000044-4,2026-03-15
SH-P2-000044-0,EXPRESO-SUR,REM-P2-000044-0,2026-08-10
SH-P2-000044-1,EXPRESO-SUR,REM-P2-000044-1,2026-08-10
SH-P2-000044-2,EXPRESO-SUR,REM-P2-000044-2,2026-08-10
SH-FE1-000044,EXPRESO-SUR,REM-FE1-000044,2026-03-20
SH-FE2-000044,EXPRESO-SUR,REM-FE2-000044,2026-03-21
SH-FD-000044,EXPRESO-SUR,REM-FD-000044,2026-03-22
SH-REV-000044,EXPRESO-SUR,REM-REV-000044,2026-03-23
SH-USD-OC1-000044,GLOBAL-CARGO,REM-USD-OC1-000044,2026-04-01
SH-USD-OC2-000044,GLOBAL-CARGO,REM-USD-OC2-000044,2026-04-02
SH-USD-PT-000044,GLOBAL-CARGO,REM-USD-PT-000044,2026-04-03
SH-USD-FAIL-000044,GLOBAL-CARGO,REM-USD-FAIL-000044,2026-04-04
SH-N1-A-000044,EXPRESO-SUR,REM-N1-000044,2026-03-25
SH-N1-B-000044,EXPRESO-SUR,REM-N1-000044,2026-03-25
SH-1N-000044,EXPRESO-SUR,REM-1N-000044,2026-03-26
SH-P1-000045-0,EXPRESO-SUR,REM-P1-000045-0,2026-03-15
SH-P1-000045-1,EXPRESO-SUR,REM-P1-000045-1,2026-03-15
SH-P1-000045-2,EXPRESO-SUR,REM-P1-000045-2,2026-03-15
SH-P1-000045-3,EXPRESO-SUR,REM-P1-000045-3,2026-03-15
SH-P1-000045-4,EXPRESO-SUR,REM-P1-000045-4,2026-03-15
SH-P2-000045-0,EXPRESO-SUR,REM-P2-000045-0,2026-08-10
SH-P2-000045-1,EXPRESO-SUR,REM-P2-000045-1,2026-08-10
SH-P2-000045-2,EXPRESO-SUR,REM-P2-000045-2,2026-08-10
SH-FE1-000045,EXPRESO-SUR,REM-FE1-000045,2026-03-20
SH-FE2-000045,EXPRESO-SUR,REM-FE2-000045,2026-03-21
SH-FD-000045,EXPRESO-SUR,REM-FD-000045,2026-03-22
SH-REV-000045,EXPRESO-SUR,REM-REV-000045,2026-03-23
SH-USD-OC1-000045,GLOBAL-CARGO,REM-USD-OC1-000045,2026-04-01
SH-USD-OC2-000045,GLOBAL-CARGO,REM-USD-OC2-000045,2026-04-02
SH-USD-PT-000045,GLOBAL-CARGO,REM-USD-PT-000045,2026-04-03
SH-USD-FAIL-000045,GLOBAL-CARGO,REM-USD-FAIL-000045,2026-04-04
SH-N1-A-000045,EXPRESO-SUR,REM-N1-000045,2026-03-25
SH-N1-B-000045,EXPRESO-SUR,REM-N1-000045,2026-03-25
SH-1N-000045,EXPRESO-SUR,REM-1N-000045,2026-03-26
SH-P1-000046-0,EXPRESO-SUR,REM-P1-000046-0,2026-03-15
SH-P1-000046-1,EXPRESO-SUR,REM-P1-000046-1,2026-03-15
SH-P1-000046-2,EXPRESO-SUR,REM-P1-000046-2,2026-03-15
SH-P1-000046-3,EXPRESO-SUR,REM-P1-000046-3,2026-03-15
SH-P1-000046-4,EXPRESO-SUR,REM-P1-000046-4,2026-03-15
SH-P2-000046-0,EXPRESO-SUR,REM-P2-000046-0,2026-08-10
SH-P2-000046-1,EXPRESO-SUR,REM-P2-000046-1,2026-08-10
SH-P2-000046-2,EXPRESO-SUR,REM-P2-000046-2,2026-08-10
SH-FE1-000046,EXPRESO-SUR,REM-FE1-000046,2026-03-20
SH-FE2-000046,EXPRESO-SUR,REM-FE2-000046,2026-03-21
SH-FD-000046,EXPRESO-SUR,REM-FD-000046,2026-03-22
SH-REV-000046,EXPRESO-SUR,REM-REV-000046,2026-03-23
SH-USD-OC1-000046,GLOBAL-CARGO,REM-USD-OC1-000046,2026-04-01
SH-USD-OC2-000046,GLOBAL-CARGO,REM-USD-OC2-000046,2026-04-02
SH-USD-PT-000046,GLOBAL-CARGO,REM-USD-PT-000046,2026-04-03
SH-USD-FAIL-000046,GLOBAL-CARGO,REM-USD-FAIL-000046,2026-04-04
SH-N1-A-000046,EXPRESO-SUR,REM-N1-000046,2026-03-25
SH-N1-B-000046,EXPRESO-SUR,REM-N1-000046,2026-03-25
SH-1N-000046,EXPRESO-SUR,REM-1N-000046,2026-03-26
SH-P1-000047-0,EXPRESO-SUR,REM-P1-000047-0,2026-03-15
SH-P1-000047-1,EXPRESO-SUR,REM-P1-000047-1,2026-03-15
SH-P1-000047-2,EXPRESO-SUR,REM-P1-000047-2,2026-03-15
SH-P1-000047-3,EXPRESO-SUR,REM-P1-000047-3,2026-03-15
SH-P1-000047-4,EXPRESO-SUR,REM-P1-000047-4,2026-03-15
SH-P2-000047-0,EXPRESO-SUR,REM-P2-000047-0,2026-08-10
SH-P2-000047-1,EXPRESO-SUR,REM-P2-000047-1,2026-08-10
SH-P2-000047-2,EXPRESO-SUR,REM-P2-000047-2,2026-08-10
SH-FE1-000047,EXPRESO-SUR,REM-FE1-000047,2026-03-20
SH-FE2-000047,EXPRESO-SUR,REM-FE2-000047,2026-03-21
SH-FD-000047,EXPRESO-SUR,REM-FD-000047,2026-03-22
SH-REV-000047,EXPRESO-SUR,REM-REV-000047,2026-03-23
SH-USD-OC1-000047,GLOBAL-CARGO,REM-USD-OC1-000047,2026-04-01
SH-USD-OC2-000047,GLOBAL-CARGO,REM-USD-OC2-000047,2026-04-02
SH-USD-PT-000047,GLOBAL-CARGO,REM-USD-PT-000047,2026-04-03
SH-USD-FAIL-000047,GLOBAL-CARGO,REM-USD-FAIL-000047,2026-04-04
SH-N1-A-000047,EXPRESO-SUR,REM-N1-000047,2026-03-25
SH-N1-B-000047,EXPRESO-SUR,REM-N1-000047,2026-03-25
SH-1N-000047,EXPRESO-SUR,REM-1N-000047,2026-03-26
SH-P1-000048-0,EXPRESO-SUR,REM-P1-000048-0,2026-03-15
SH-P1-000048-1,EXPRESO-SUR,REM-P1-000048-1,2026-03-15
SH-P1-000048-2,EXPRESO-SUR,REM-P1-000048-2,2026-03-15
SH-P1-000048-3,EXPRESO-SUR,REM-P1-000048-3,2026-03-15
SH-P1-000048-4,EXPRESO-SUR,REM-P1-000048-4,2026-03-15
SH-P2-000048-0,EXPRESO-SUR,REM-P2-000048-0,2026-08-10
SH-P2-000048-1,EXPRESO-SUR,REM-P2-000048-1,2026-08-10
SH-P2-000048-2,EXPRESO-SUR,REM-P2-000048-2,2026-08-10
SH-FE1-000048,EXPRESO-SUR,REM-FE1-000048,2026-03-20
SH-FE2-000048,EXPRESO-SUR,REM-FE2-000048,2026-03-21
SH-FD-000048,EXPRESO-SUR,REM-FD-000048,2026-03-22
SH-REV-000048,EXPRESO-SUR,REM-REV-000048,2026-03-23
SH-USD-OC1-000048,GLOBAL-CARGO,REM-USD-OC1-000048,2026-04-01
SH-USD-OC2-000048,GLOBAL-CARGO,REM-USD-OC2-000048,2026-04-02
SH-USD-PT-000048,GLOBAL-CARGO,REM-USD-PT-000048,2026-04-03
SH-USD-FAIL-000048,GLOBAL-CARGO,REM-USD-FAIL-000048,2026-04-04
SH-N1-A-000048,EXPRESO-SUR,REM-N1-000048,2026-03-25
SH-N1-B-000048,EXPRESO-SUR,REM-N1-000048,2026-03-25
SH-1N-000048,EXPRESO-SUR,REM-1N-000048,2026-03-26
SH-P1-000049-0,EXPRESO-SUR,REM-P1-000049-0,2026-03-15
SH-P1-000049-1,EXPRESO-SUR,REM-P1-000049-1,2026-03-15
SH-P1-000049-2,EXPRESO-SUR,REM-P1-000049-2,2026-03-15
SH-P1-000049-3,EXPRESO-SUR,REM-P1-000049-3,2026-03-15
SH-P1-000049-4,EXPRESO-SUR,REM-P1-000049-4,2026-03-15
SH-P2-000049-0,EXPRESO-SUR,REM-P2-000049-0,2026-08-10
SH-P2-000049-1,EXPRESO-SUR,REM-P2-000049-1,2026-08-10
SH-P2-000049-2,EXPRESO-SUR,REM-P2-000049-2,2026-08-10
SH-FE1-000049,EXPRESO-SUR,REM-FE1-000049,2026-03-20
SH-FE2-000049,EXPRESO-SUR,REM-FE2-000049,2026-03-21
SH-FD-000049,EXPRESO-SUR,REM-FD-000049,2026-03-22
SH-REV-000049,EXPRESO-SUR,REM-REV-000049,2026-03-23
SH-USD-OC1-000049,GLOBAL-CARGO,REM-USD-OC1-000049,2026-04-01
SH-USD-OC2-000049,GLOBAL-CARGO,REM-USD-OC2-000049,2026-04-02
SH-USD-PT-000049,GLOBAL-CARGO,REM-USD-PT-000049,2026-04-03
SH-USD-FAIL-000049,GLOBAL-CARGO,REM-USD-FAIL-000049,2026-04-04
SH-N1-A-000049,EXPRESO-SUR,REM-N1-000049,2026-03-25
SH-N1-B-000049,EXPRESO-SUR,REM-N1-000049,2026-03-25
SH-1N-000049,EXPRESO-SUR,REM-1N-000049,2026-03-26
